Date,Julian Day,Time,Air Temp,Site,Conductivity,Water Temp,pH,Salinity,Turbidity,DO,Chloride,Year
6/28/2018,179,12:35,22.78,BfCr01,365.5,19.72,8.29,0.18,107.75,,,2018
7/3/2018,184,11:45,28.33,BfCr01,451.8,24.78,8.43,0.22,7.33,,,2018
7/11/2018,192,11:25,23.33,BfCr01,412.4,22.9,8.41,0.2,,10.64,,2018
7/26/2018,207,9:24,21.11,BfCr01,416.2,22.4,8.19,0.2,,7.37,,2018
8/7/2018,219,10:55,26.11,BfCr01,431.3,23.6,8.28,0.21,,7.68,,2018
9/3/2018,246,16:28,32.78,BfCr01,448.7,28.5,8.32,0.21,,10.45,,2018
6/4/2019,521,9:14,17.78,BfCr01,427.7,15.6,8.25,0.21,,9.19,18.21,2019
6/12/2019,528,9:36,19.44,BfCr01,414.7,17.4,8.24,0.2,6.06,8.08,14.4,2019
6/28/2019,544,9:37,23.89,BfCr01,381.3,21.7,8.36,0.18,,7.96,20.4,2019
7/4/2019,550,10:09,23.33,BfCr01,371.8,23.8,8.53,0.18,,7.72,20.23,2019
7/11/2019,557,9:30,24.44,BfCr01,380.7,24.2,8.44,0.18,30.16,7.24,18.41,2019
7/18/2019,564,9:04,21.67,BfCr01,359.1,23,8.38,0.17,19.63,7.92,16.53,2019
7/25/2019,571,8:46,16.11,BfCr01,423,19.7,8.32,0.2,,8.12,14.58,2019
8/1/2019,578,9:02,21.11,BfCr01,398.3,22,8.3,0.19,16.3,6.8,11.81,2019
8/8/2019,585,8:22,18.89,BfCr01,416,21.6,8.43,0.2,16.75,6.77,20.98,2019
8/22/2019,599,8:16,21.67,BfCr01,430.5,22.5,8.13,0.21,17.63,6,,2019
8/30/2019,607,12:54,27.78,BfCr01,394,22.2,8.51,0.19,,9.08,,2019
6/5/2020,887,9:38,20.56,BfCr01,379.8,20.1,8.84,0.18,,7.12,20.47,2020
6/9/2020,891,9:28,21.67,BfCr01,424.1,18.9,8.03,0.2,,7.82,,2020
6/17/2020,899,8:04,16.67,BfCr01,438.3,18.9,8.13,0.21,13.5,7.57,,2020
6/23/2020,905,7:44,21.11,BfCr01,429.2,21.4,8.08,0.21,,6.61,,2020
6/29/2020,911,8:14,19.44,BfCr01,426.6,21.6,8.11,0.2,12.25,6.8,13.74,2020
7/8/2020,920,7:44,19.44,BfCr01,303,22.6,7.93,0.14,,6.21,9.45,2020
7/29/2020,941,13:31,30,BfCr01,379.6,27.9,8.48,0.18,13.5,9.72,30.06,2020
8/4/2020,947,8:40,20,BfCr01,443.7,22.5,8.11,0.21,12,5.63,35.93,2020
8/12/2020,955,8:39,22.22,BfCr01,482.8,23.5,8,0.23,13.6,5.71,33.8,2020
8/19/2020,962,15:46,26.11,BfCr01,474.8,26,8.5,0.23,43.73,7.44,33.38,2020
8/26/2020,969,11:34,22.78,BfCr01,466.7,21.1,8.1,0.22,12.5,6.5,40.22,2020
9/2/2020,976,11:31,24.44,BfCr01,394.9,23.1,8.16,0.19,40.1,6.17,24.29,2020
9/9/2020,983,15:25,29.44,BfCr01,410.3,25.8,8.27,0.2,29.3,8.71,23.44,2020
9/16/2020,990,11:33,17.33,BfCr01,449.4,16,8.81,0.22,14.78,9.05,30.39,2020
6/28/2018,179,13:10,22.78,BfCr02,406.9,19.83,8.29,0.2,124.5,,,2018
7/3/2018,184,11:00,28.33,BfCr02,499.6,24.44,8.38,0.24,8.63,,,2018
7/11/2018,192,11:45,25,BfCr02,450.8,24.2,8.4,0.22,,10.04,,2018
7/26/2018,207,8:38,21.11,BfCr02,453.4,21.5,8.29,0.22,,7.56,,2018
8/7/2018,219,10:40,26.11,BfCr02,484.5,24.7,8.33,0.23,,8.37,,2018
9/3/2018,246,16:18,32.78,BfCr02,493,28.4,8.3,0.24,,9.49,,2018
6/4/2019,521,9:01,17.78,BfCr02,445.5,16.9,8.68,0.22,,8.96,19.72,2019
6/12/2019,528,9:22,19.44,BfCr02,428.6,18.8,8.53,0.21,5.82,8.1,14.99,2019
6/28/2019,544,9:24,23.89,BfCr02,414,22.7,8.79,0.2,,8.35,19.93,2019
7/4/2019,550,9:45,23.33,BfCr02,398.1,24.8,8.98,0.19,,8.17,18.34,2019
7/11/2019,557,8:55,24.44,BfCr02,398,25.5,8.86,0.19,20.3,7.19,18.8,2019
7/18/2019,564,8:28,21.11,BfCr02,378,23.5,8.8,0.18,25.88,7.62,18.57,2019
7/25/2019,571,8:18,16.11,BfCr02,449.5,20.7,8.6,0.22,,7.71,15.74,2019
8/1/2019,578,8:34,21.11,BfCr02,441.5,23.2,8.45,0.21,17.95,6.75,12.88,2019
8/8/2019,585,7:54,18.89,BfCr02,431.9,22.8,8.45,0.21,21.05,5.93,25.1,2019
8/22/2019,599,7:49,21.67,BfCr02,457.5,24.1,8.44,0.22,21.93,5.91,,2019
8/30/2019,607,12:36,27.78,BfCr02,395,22.4,8.65,0.19,,8.96,,2019
6/9/2020,891,9:03,21.67,BfCr02,465.6,19.8,8.08,0.22,,7.3,,2020
6/17/2020,899,7:51,16.67,BfCr02,476.2,19.5,8.16,0.23,7.86,7.86,,2020
6/23/2020,905,7:24,21.11,BfCr02,485.5,22.4,8.11,0.23,,6.35,,2020
6/29/2020,911,8:34,19.44,BfCr02,466.8,22.1,8.2,0.23,9.54,7.12,12.54,2020
7/8/2020,920,7:20,19.44,BfCr02,500,25.3,7.96,0.24,,5.09,14.16,2020
8/4/2020,947,8:20,20,BfCr02,462.2,23.4,8.17,0.22,9.37,6.53,32.51,2020
8/12/2020,955,8:22,22.22,BfCr02,539,23.1,8.15,0.26,11.82,5.97,35.71,2020
8/26/2020,969,11:19,22.78,BfCr02,623,21.2,8.26,0.3,10.65,7.12,47.86,2020
9/2/2020,976,11:19,24.44,BfCr02,480.8,23.6,8.21,0.23,14.5,6.73,30.86,2020
9/9/2020,983,15:13,29.44,BfCr02,430.9,27.6,8.49,0.21,27.6,7.22,61.55,2020
9/16/2020,990,11:16,17.33,BfCr02,518.6,17.6,8.83,0.25,16.6,10.43,32.34,2020
9/23/2020,997,15:17,23.89,BfCr02,543.2,20.3,8.45,0.26,8.83,10.4,42.46,2020
9/30/2020,1004,14:58,16.67,BfCr02,588,18.9,8.39,0.29,9.04,10.68,36.75,2020
6/1/2021,1248,10:50,14,BfCr02,468.3,17.4,7.83,0.23,3.53,11.5,22.97,2021
6/11/2021,1258,10:31,23,BfCr02,498.7,22.9,7.46,0.24,8.94,6.53,32.56,2021
6/17/2021,1264,10:14,18.3,BfCr02,456.6,20,7.45,0.23,4.94,8.43,59.29,2021
6/24/2021,1271,10:30,22,BfCr02,418.6,19.8,7.15,0.2,17.73,8.61,23.16,2021
6/29/2021,1276,10:51,30,BfCr02,606,27.8,7.57,0.24,6.95,5.91,25.08,2021
7/6/2021,1283,10:28,25,BfCr02,487.7,25.4,8.22,,15.13,7.73,20.38,2021
7/13/2021,1290,10:41,26,BfCr02,359.3,22.7,7.83,,690,6.15,15.11,2021
7/21/2021,1298,16:45,25.5,BfCr02,432.5,24.7,8.29,,11.4,9.04,17.14,2021
8/18/2021,1326,10:35,23.9,BfCr02,326,20.1,8.01,,235.3,8.47,8.79,2021
9/6/2021,1345,14:53,25,BfCr02,435.3,20.1,8.35,0.21,12.8,8.65,16.2,2021
9/12/2021,1351,11:45,23.8,BfCr02,403.7,20.2,8.41,0.19,3.29,12.05,15.83,2021
9/21/2021,1360,12:45,24.4,BfCr02,510.1,22.3,8.31,0.25,3.01,9.46,20.58,2021
6/21/2019,537,10:33,20.56,ChCr01,631,16.6,7.73,0.31,,8.32,34.53,2019
6/27/2019,543,9:41,25.56,ChCr01,788,17.3,8.29,0.39,,8.77,60.8,2019
7/4/2019,550,11:59,27.22,ChCr01,988,20.2,7.79,0.49,,7.2,77.81,2019
7/11/2019,557,1:30,24.44,ChCr01,894,20.4,7.92,0.44,133.5,8.08,70.49,2019
7/18/2019,564,10:54,22.78,ChCr01,1089,20.1,7.21,0.54,101.55,6.94,69.32,2019
7/25/2019,571,10:33,20,ChCr01,1324,17.5,7.17,0.67,,7.57,73.97,2019
8/1/2019,578,10:39,22.78,ChCr01,1555,19.5,7.29,0.79,583,6.42,89.99,2019
8/8/2019,585,10:11,21.11,ChCr01,1757,19.1,7.26,0.89,272.75,5.1,144.52,2019
8/22/2019,599,9:58,22.78,ChCr01,2244,19.2,6.88,1.15,280,2.68,,2019
9/8/2019,616,11:57,21.67,ChCr01,2457,17.2,7.85,1.27,,7.21,,2019
9/30/2019,638,14:51,27.78,ChCr01,1216,20.1,7.74,0.61,,7.03,,2019
6/5/2020,887,11:13,21.67,ChCr01,1126,16.7,7.31,0.56,,7.89,70.74,2020
6/10/2020,892,7:22,25,ChCr01,1295,18.3,8.02,0.65,86.9,1.64,,2020
6/17/2020,899,9:31,18.89,ChCr01,1502,16.7,7,0.76,67.25,9.02,,2020
6/22/2020,904,7:27,21.11,ChCr01,1743,17.8,6.45,0.89,,10.76,,2020
7/1/2020,913,7:40,21.67,ChCr01,1471,17.2,6.97,0.74,82.78,8.46,68.9,2020
7/9/2020,921,7:23,22.78,ChCr01,1754,19.1,6.69,0.89,95.2,7.65,83.42,2020
7/29/2020,941,8:34,18.89,ChCr01,2534,18,6.24,1.31,111.75,8.04,108.41,2020
8/3/2020,946,7:23,18.33,ChCr01,3186,17.8,6.2,1.66,108,7.78,133.43,2020
8/11/2020,954,7:27,21.11,ChCr01,4460,18.1,5.25,2.39,140.75,8.21,141.34,2020
8/19/2020,962,12:05,23.59,ChCr01,5120,17.5,5.29,2.77,140,7.96,156.99,2020
8/26/2020,969,12:31,23.89,ChCr01,4916,18.4,4.93,2.65,141.25,6.92,199.23,2020
9/2/2020,976,12:24,24.44,ChCr01,1734,20.8,5.55,0.88,94.5,7,95.77,2020
9/9/2020,983,11:03,28.33,ChCr01,3231,18.7,6.1,1.7,155,7.86,135.32,2020
9/16/2020,990,12:30,17.33,ChCr01,4030,15.7,6.74,2.15,132.25,8.61,139.95,2020
9/23/2020,997,11:21,20,ChCr01,4436,13.7,5.61,2.37,106.25,8.95,158.2,2020
9/30/2020,1004,11:20,15,ChCr01,3234,14.3,5.28,1.69,115.25,7.2,120.38,2020
7/29/2021,1306,9:23,23.89,ChCr01,2049,18.8,6.34,,71.2,7.47,120.45,2021
9/2/2021,1341,11:03,20.56,ChCr01,789,17,7.21,0.38,63.4,8.11,51.88,2021
9/6/2021,1345,11:16,23.33,ChCr01,1093,17.3,6.85,0.55,78.25,7.83,71.8,2021
9/28/2021,1367,14:05,22.2,ChCr01,1392,17.6,6.54,0.7,53.83,8.29,55.84,2021
6/21/2019,537,9:30,18.89,CmCr,291.5,18.9,8.08,0.14,,8.09,4.98,2019
6/28/2019,544,9:47,23.89,CmCr,416.3,19.7,8.43,0.2,,8.1,16.78,2019
7/4/2019,550,10:23,23.33,CmCr,414.7,22,8.53,0.2,,8.06,16.19,2019
7/12/2019,558,8:27,20.56,CmCr,296.4,20.8,8.9,0.14,138,8.35,13.1,2019
7/29/2019,575,8:32,23.89,CmCr,423.9,20.2,8.33,0.2,221.88,6.95,8.01,2019
8/30/2019,607,13:09,27.78,CmCr,429.9,21,8.58,0.21,,8.64,,2019
6/5/2020,887,9:51,20.56,CmCr,426.6,19.1,8.4,0.21,,7.88,30.84,2020
6/9/2020,891,9:49,21.67,CmCr,457.7,17,8.11,0.22,,8.45,,2020
6/23/2020,905,7:59,21.11,CmCr,473.7,19.7,8.28,0.23,,7.77,,2020
7/8/2020,920,8:02,19.44,CmCr,461,21.5,8.29,0.22,,7.36,9.29,2020
8/4/2020,947,9:00,20,CmCr,474.7,20.7,8.28,0.23,22.08,6.64,25.06,2020
8/12/2020,955,8:55,22.22,CmCr,507.4,21.1,8.2,0.24,20.8,5.07,29.7,2020
8/19/2020,962,15:58,26.11,CmCr,496.2,23.1,8.59,0.24,18.28,7.02,25.37,2020
8/26/2020,969,11:49,22.78,CmCr,507.9,20.5,8.19,0.25,12.75,6.4,39.91,2020
9/9/2020,983,15:40,29.44,CmCr,463.2,24.6,8.41,0.22,19.6,7.76,19.04,2020
9/16/2020,990,11:45,17.33,CmCr,399.6,14,8.96,0.19,4.84,8.82,24.45,2020
9/23/2020,997,15:32,23.89,CmCr,516.4,16.4,8.35,0.25,5.58,8.63,36.72,2020
9/30/2020,1004,15:10,16.67,CmCr,499.1,16.2,8.21,0.24,4.52,7,27.45,2020
6/1/2021,1248,11:05,18.9,CmCr,491.5,15.5,8.24,0.24,4.47,11.46,18.96,2021
6/11/2021,1258,10:45,25,CmCr,481.3,20.7,8.02,0.23,13.1,8.55,18.59,2021
6/17/2021,1264,10:36,18.3,CmCr,501.4,15.4,8.02,0.24,16.43,9.41,37.9,2021
6/24/2021,1271,10:51,22,CmCr,509.8,16.9,8.01,0.25,21.13,10.01,15.37,2021
6/29/2021,1276,11:07,30,CmCr,515.2,23.4,7.93,0.25,13.5,6.16,14.82,2021
7/6/2021,1283,10:46,27,CmCr,433.9,21.2,8.09,,53.2,8.31,10.02,2021
7/21/2021,1298,17:05,25.5,CmCr,401.6,23.9,8.38,,19.85,8.62,9.69,2021
9/6/2021,1345,15:07,25,CmCr,415.8,19.9,8.32,0.2,25.9,7.76,11.01,2021
9/12/2021,1351,12:03,23.8,CmCr,449,18.4,8.28,0.22,14.28,9.18,10.38,2021
6/21/2019,537,11:30,21.67,CsCr,665,17.4,7.51,0.33,,8.89,98.55,2019
6/27/2019,543,10:39,27.22,CsCr,835,18.3,7.62,0.41,,8.43,131.22,2019
7/2/2019,548,11:02,28.33,CsCr,875,19,7.27,0.43,,6.75,139,2019
7/9/2019,555,9:52,25.56,CsCr,892,19.4,8.3,0.44,26.48,7.38,93.6,2019
7/16/2019,562,9:06,23.89,CsCr,896,20.1,7.97,0.44,24.43,6.69,106.31,2019
7/23/2019,569,8:37,17.22,CsCr,884,18.9,7.91,0.44,,8.47,57.56,2019
7/30/2019,576,9:09,22.78,CsCr,1057,19.7,7.85,0.53,23.08,5.56,88.5,2019
8/6/2019,583,9:01,23.33,CsCr,1138,19.5,7.78,0.57,25.25,2.38,96.04,2019
8/20/2019,597,8:41,22.22,CsCr,1261,20.2,7.55,0.63,34.13,4.62,,2019
9/8/2019,616,12:40,21.67,CsCr,1211,18.6,7.23,0.61,,7.51,,2019
9/30/2019,638,15:55,28.89,CsCr,833,21.1,7.63,0.41,,7.6,,2019
6/5/2020,887,11:55,21.67,CsCr,767,17,7.71,0.38,,8.55,60.61,2020
6/10/2020,892,8:28,25,CsCr,909,17.9,7.81,0.45,31.6,8.03,,2020
6/17/2020,899,10:08,18.89,CsCr,983,16.3,7.94,0.49,34.08,9.43,,2020
6/22/2020,904,8:13,21.11,CsCr,1037,18.5,7.85,0.51,,8.69,,2020
7/1/2020,913,8:30,21.67,CsCr,996,18.3,7.99,0.49,9.01,7.5,72.93,2020
7/9/2020,921,8:24,22.78,CsCr,1161,20.2,8.04,0.58,52.93,6.54,75.7,2020
7/29/2020,941,9:29,18.89,CsCr,1242,19.8,7.79,0.62,62.9,8.41,133.07,2020
8/3/2020,946,8:12,18.33,CsCr,1370,19.7,7.78,0.69,58.73,7.62,160.94,2020
8/11/2020,954,8:18,21.11,CsCr,848,22.1,7.46,0.42,257,7.4,73.53,2020
8/19/2020,962,12:56,25,CsCr,1783,20.8,7.91,0.89,274,7.15,174,2020
8/26/2020,969,14:13,26.67,CsCr,1357,22,7.96,0.68,59.7,7.73,174.4,2020
9/2/2020,976,14:01,25,CsCr,807,21.6,7.96,0.4,44.2,7.71,115.63,2020
9/9/2020,983,12:16,28.33,CsCr,1078,20.8,7.78,0.54,48.6,8.07,132.86,2020
9/16/2020,990,13:55,23.33,CsCr,1054,18.4,8.57,0.51,21.6,7.67,123.06,2020
9/23/2020,997,11:59,20,CsCr,1325,15.3,7.57,0.67,71.8,8.36,130.33,2020
9/30/2020,1004,12:01,15,CsCr,1272,15.1,7.51,0.64,52.83,8.47,114.52,2020
6/5/2021,1252,14:15,29,CsCr,734,21.5,8.02,0.36,2.23,6.28,102.67,2021
6/5/2021,1252,11:53,26.1,CsCr,1083,17.6,7.78,0.54,28.7,9.57,152.28,2021
6/12/2021,1259,12:30,24,CsCr,1051,19.4,7.81,0.52,25.75,5.5,151,2021
6/20/2021,1267,12:02,26.5,CsCr,723,19.5,7.92,0.35,301,7.64,82.8,2021
6/26/2021,1273,11:57,28,CsCr,1137,19.4,7.95,0.57,24.93,6.11,131.23,2021
6/29/2021,1276,14:19,33,CsCr,720,27.3,8.25,0.35,6.41,2.01,85.32,2021
7/2/2021,1279,11:34,21,CsCr,921,18.1,8.05,,31.2,9.36,117.4,2021
7/11/2021,1288,11:32,27,CsCr,1084,20,7.95,,21.93,8.87,128.65,2021
7/15/2021,1292,11:13,25,CsCr,182,20.4,8.04,,22.08,8.64,121.23,2021
7/22/2021,1299,12:02,28.9,CsCr,1033,19.4,7.97,,20.9,9.4,121.17,2021
6/21/2019,537,12:49,22.78,FdCr,481.8,18.9,8.31,0.23,,8.75,55.49,2019
6/27/2019,543,12:00,30,FdCr,680,20.4,8.52,0.33,,8.32,132.01,2019
7/2/2019,548,1:16,31.11,FdCr,635,21.6,8.41,0.31,,8.34,108.81,2019
7/12/2019,558,13:10,24.44,FdCr,565,20.4,8.48,0.27,8.24,8.67,74.45,2019
7/17/2019,563,11:35,25.56,FdCr,567,21.2,8.3,0.27,5.09,8.21,58.4,2019
7/24/2019,570,14:34,23.89,FdCr,678,19.5,8.62,0.33,,8.98,56.69,2019
7/29/2019,575,11:11,28.33,FdCr,712,20.5,8.56,0.35,16.28,6.68,94.78,2019
9/8/2019,616,13:56,24.44,FdCr,735,20.2,8.02,0.36,,7.53,,2019
6/5/2020,887,13:50,23.89,FdCr,621,18.2,8.21,0.3,,8.24,57.34,2020
6/10/2020,892,11:43,27.2,FdCr,671,20,8.22,0.33,12,7.63,,2020
6/17/2020,899,11:53,21.11,FdCr,685,16.6,8.56,0.34,8.63,9.59,,2020
6/22/2020,904,10:50,23.33,FdCr,704,20.1,8.41,0.34,,8.53,,2020
7/1/2020,913,11:12,26.67,FdCr,655,20.2,8.6,0.32,9.48,8,53.16,2020
7/9/2020,921,11:20,28.33,FdCr,706,22.9,8.67,0.34,6.88,7.57,65.37,2020
7/29/2020,941,11:47,27.78,FdCr,544,22.6,8.29,0.26,8.31,7.12,74.5,2020
8/3/2020,946,10:26,23.89,FdCr,730,19.8,8.35,0.35,3.13,7.48,114.43,2020
8/11/2020,954,10:35,22.22,FdCr,784,20.4,8.21,0.38,20.25,7.8,147.67,2020
8/19/2020,962,14:26,25,FdCr,924,21.6,8.71,0.46,4.35,7.66,175.72,2020
8/26/2020,969,15:24,29.44,FdCr,750,23.6,8.51,0.37,7.39,6.32,155.96,2020
9/2/2020,976,15:30,25,FdCr,551,21.9,8.44,0.27,73.4,7.55,73.55,2020
9/9/2020,983,13:50,29.44,FdCr,687,22.2,8.36,0.33,12.4,8.59,85.47,2020
9/16/2020,990,15:47,24.44,FdCr,708,17.2,9.13,0.35,1.21,8.76,87.73,2020
9/23/2020,997,13:46,23.89,FdCr,781,15.1,8.21,0.38,1.77,9.67,125.8,2020
9/30/2020,1004,13:38,16.67,FdCr,464.8,15.1,8.29,0.23,7.6,9.39,70.75,2020
6/5/2021,1252,3:20,29,FdCr,710,20.8,8.36,0.35,7.24,8.23,119.31,2021
6/12/2021,1259,14:45,27,FdCr,682,22,8.16,0.33,8.64,4.15,120.39,2021
6/19/2021,1266,18:06,23.8,FdCr,716,19.8,8.25,0.35,5.12,7.62,94.02,2021
6/26/2021,1273,13:11,28.5,FdCr,734,21.8,8.21,0.36,5.89,4.28,90,2021
7/2/2021,1279,13:21,21,FdCr,629,18.3,8.19,,13.75,8.79,71.02,2021
7/11/2021,1288,12:50,28,FdCr,718,20.6,8.21,,4.05,7.96,82.35,2021
7/15/2021,1292,12:25,27,FdCr,687,21.4,8.23,,3.6,8.28,83.83,2021
7/22/2021,1299,13:24,28.9,FdCr,720,20,8.23,,3.13,8.95,96.01,2021
7/29/2021,1306,11:14,24.44,FdCr,693,20.3,8.27,,2.76,7.49,82.87,2021
8/22/2021,1330,12:15,27.8,FdCr,670,21.4,8.3,,4.04,7.8,76.03,2021
9/2/2021,1341,12:47,21.67,FdCr,557.8,18.2,8.29,0.27,9.06,8.24,57.53,2021
9/6/2021,1345,13:20,23.89,FdCr,651,19.3,8.41,0.32,17.1,7.99,79.84,2021
9/11/2021,1350,14:17,20,FdCr,659,17.8,8.37,0.32,3.04,8.39,85.96,2021
9/25/2021,1364,13:21,17.2,FdCr,681,15.7,8.38,0.33,5.29,7.86,95.06,2021
9/29/2021,1368,10:30,14.4,FdCr,632,14.3,8.25,0.31,4.7,9.01,87.04,2021
6/6/2018,157,10:35,13.89,LrCr,326.3,15,9.07,0.2,,,,2018
6/28/2018,179,16:14,28.33,LrCr,632,21.06,8.41,0.31,18.15,,,2018
7/3/2018,184,13:25,30.56,LrCr,655,24.39,8.38,0.32,5.62,,,2018
7/9/2018,190,13:23,26.67,LrCr,680,21.78,8.37,0.33,18.65,,,2018
7/11/2018,192,13:55,27.78,LrCr,634,23.3,8.37,0.31,,9.77,,2018
7/17/2018,198,10:54,26.11,LrCr,609,22.8,8.39,0.3,,9.17,,2018
7/24/2018,205,9:42,26.67,LrCr,704,21.67,8.24,0.34,,,,2018
8/7/2018,219,9:13,23.89,LrCr,685,22.7,8.4,0.33,,8.97,,2018
9/3/2018,246,15:06,31.67,LrCr,703,27.9,8.41,0.34,,12.98,,2018
6/3/2019,520,10:37,16.67,LrCr,632,15.9,8,0.31,6.25,10.41,47.77,2019
6/11/2019,527,10:27,18.33,LrCr,563.8,17,8.15,0.27,9.49,9.04,46.17,2019
6/19/2019,535,9:51,22.78,LrCr,601,19,8.07,0.29,7.41,8.4,53.99,2019
6/26/2019,542,9:23,22.33,LrCr,522.7,17.6,8.17,0.25,19.15,8.98,40.18,2019
7/1/2019,547,9:41,21.67,LrCr,556.9,18.7,7.94,0.27,15.1,8.62,31.19,2019
7/2/2019,548,9:55,26.11,LrCr,552.8,20,8.25,0.27,,8.73,33.4,2019
7/8/2019,554,9:28,22.22,LrCr,545,21,7.92,0.26,14.95,8.87,34.86,2019
7/9/2019,555,1:18,30,LrCr,562,23.9,8.16,0.27,27.75,8.74,50.96,2019
7/16/2019,562,10:42,25,LrCr,577,22.5,8.19,0.28,4.86,9.46,62.98,2019
7/23/2019,569,9:50,18.33,LrCr,552,19.6,7.5,0.27,,8.63,28.47,2019
7/26/2019,572,13:39,27.78,LrCr,667,22.1,8.46,0.32,,9.36,43.83,2019
7/30/2019,576,10:26,24.44,LrCr,623,21.3,8.18,0.3,3.21,8.82,47.02,2019
7/31/2019,577,10:07,22.22,LrCr,616,21,8.27,0.3,2.33,8.29,46.22,2019
8/5/2019,582,9:42,23.33,LrCr,657,20.9,8.19,0.32,1.72,7.55,42.84,2019
8/6/2019,583,10:10,25,LrCr,587,21.2,8.2,0.28,2.67,8.87,40.71,2019
8/20/2019,597,10:22,24.44,LrCr,704,22.4,8.25,0.34,5.44,8.47,,2019
8/21/2019,598,10:19,25,LrCr,664,23,8.21,0.32,5.24,8.18,,2019
8/28/2019,605,12:53,24.44,LrCr,481.6,22,8.21,0.23,23.6,6.13,,2019
9/8/2019,616,13:19,22.78,LrCr,751,22.2,8.2,0.37,,5.57,,2019
6/5/2020,887,12:37,21.67,LrCr,576,18.9,7.8,0.28,,9.1,49.43,2020
6/10/2020,892,9:22,26.67,LrCr,642,20.6,8.02,0.31,8.02,8.78,,2020
6/17/2020,899,10:52,21.11,LrCr,566,17.8,8.55,0.29,9.43,9.9,,2020
6/22/2020,904,9:04,21.11,LrCr,675,21,8.44,0.33,,8.91,,2020
7/1/2020,913,9:15,23.89,LrCr,627,19.9,8.62,0.31,6.89,7.73,38.59,2020
7/9/2020,921,9:21,25.56,LrCr,674,22.8,8.67,0.33,2.59,8.88,49.02,2020
7/29/2020,941,10:19,25.56,LrCr,518.7,22.3,8.45,0.26,17.33,8.99,65.21,2020
8/3/2020,946,8:58,21.11,LrCr,676,20.5,8.35,0.33,3.34,8.43,86.92,2020
8/11/2020,954,9:15,21.11,LrCr,528.1,21.5,8.13,0.26,13.05,6.66,54.56,2020
8/19/2020,962,13:29,25,LrCr,777,24.6,8.73,0.38,7.64,9.42,94.6,2020
8/26/2020,969,14:39,26.67,LrCr,634,26.6,8.66,0.31,9.14,9.1,108.77,2020
9/2/2020,976,14:25,25,LrCr,501.5,22.5,8.34,0.24,37.3,7.76,53.19,2020
9/9/2020,983,12:59,28.33,LrCr,636,23.5,8.45,0.31,15.3,10.09,63.46,2020
9/16/2020,990,14:36,23.33,LrCr,700,20.8,8.99,0.34,2.47,8,95.98,2020
9/23/2020,997,12:42,21.67,LrCr,710,15.9,8.39,0.35,1.14,8.6,86.76,2020
9/30/2020,1004,12:30,15.56,LrCr,658,15.7,8.3,0.32,1.49,10.2,68.07,2020
6/12/2021,1259,12:42,26,LrCr,606,22.6,8.36,0.29,6.91,4.84,96.34,2021
6/19/2021,1266,16:06,22.7,LrCr,682,21.5,8.4,0.33,2.22,9.87,77.8,2021
6/24/2021,1271,13:55,27,LrCr,721,21.5,8.52,21.5,8.18,7.04,83.68,2021
7/11/2021,1288,13:04,28,LrCr,662,22.9,8.42,,6.63,10.13,68.93,2021
7/13/2021,1290,13:46,28,LrCr,498.4,23.8,8.32,,22.33,8.1,39.6,2021
7/22/2021,1299,13:43,28.9,LrCr,653,22.6,8.36,,3.4,10.52,73.17,2021
7/29/2021,1306,10:25,23.89,LrCr,673,21.7,8.37,,5.23,9.21,70.55,2021
8/22/2021,1330,10:17,26.7,LrCr,681,21.2,8.41,,2.65,9.53,57.37,2021
9/2/2021,1341,11:45,20.56,LrCr,554.7,17.9,8.37,0.27,18.8,8.59,48.86,2021
9/6/2021,1345,12:21,23.33,LrCr,627,19.3,8.46,0.31,6.11,8.85,59.16,2021
9/11/2021,1350,11:47,20,LrCr,630,17.3,8.28,0.31,1.4,10.39,58.62,2021
9/25/2021,1364,11:05,17.2,LrCr,703,15,8.57,0.34,2.15,12.12,77.33,2021
9/28/2021,1367,15:14,22.2,LrCr,480.6,18.7,8.45,0.23,12.15,9.07,36.75,2021
6/28/2018,179,11:34,21.67,NoFr01,534.4,18.06,8.21,0.26,19.3,,,2018
7/3/2018,184,10:17,25.56,NoFr01,622,21.5,8.36,0.3,3.41,,,2018
7/11/2018,192,12:32,25,NoFr01,626,21.9,8.39,0.3,,9.89,,2018
7/26/2018,207,10:19,22.22,NoFr01,623,21.5,8.35,0.3,,9.09,,2018
8/7/2018,219,11:35,26.11,NoFr01,717,22.6,8.35,0.35,,8.91,,2018
9/3/2018,246,15:53,32.22,NoFr01,725,26.1,8.23,0.35,,9.64,,2018
6/4/2019,521,9:42,17.78,NoFr01,648,13.7,8.29,0.32,,11.18,36.56,2019
6/12/2019,528,10:17,19.44,NoFr01,634,15.9,8.45,0.31,3.15,9.76,35.26,2019
6/28/2019,544,10:34,25.56,NoFr01,545.4,19.9,8.55,0.26,,8.61,42.25,2019
7/4/2019,550,11:26,27.22,NoFr01,542,23.1,8.5,0.26,,9.46,34.21,2019
7/11/2019,557,12:01,24.44,NoFr01,572,22.4,8.35,0.28,8.07,9.39,29.65,2019
7/18/2019,564,10:08,22.22,NoFr01,496.9,21.4,8.45,0.24,10.7,9.33,26.84,2019
7/24/2019,570,9:40,18.33,NoFr01,622,17.2,8.42,0.3,,9.64,26.29,2019
7/25/2019,571,9:41,18.89,NoFr01,644,17.5,8.48,0.31,,9.49,24.64,2019
8/1/2019,578,9:56,21.11,NoFr01,629,20.6,8.49,0.31,2.8,8.88,26.73,2019
8/8/2019,585,9:21,21.11,NoFr01,643,19.9,8.53,0.31,4.55,6.42,32.6,2019
8/22/2019,599,9:10,22.78,NoFr01,697,20.9,8.39,0.34,4.77,4.3,,2019
8/30/2019,607,14:17,27.78,NoFr01,680,22.5,8.59,0.33,,6.89,,2019
9/18/2019,626,11:45,21.11,NoFr01,814,19,8.18,0.4,2.84,9.06,,2019
6/5/2020,887,10:39,20.56,NoFr01,585,18.6,8.27,0.28,,8.21,48.22,2020
6/9/2020,891,11:06,27.22,NoFr01,648,19.7,8.37,0.32,,8.06,,2020
6/17/2020,899,8:53,16.67,NoFr01,684,16.4,8.33,0.34,7.74,8.68,,2020
6/23/2020,905,9:08,21.11,NoFr01,681,19.6,8.3,0.33,,7.74,,2020
6/29/2020,911,9:34,20.56,NoFr01,640,20.4,8.42,0.31,6.79,7.68,23.74,2020
7/8/2020,920,9:04,23.89,NoFr01,648,21.9,8.36,0.31,,8.45,27.74,2020
7/29/2020,941,14:13,30,NoFr01,609,26.9,8.48,0.29,3.46,7.51,57.51,2020
8/4/2020,947,10:10,21.67,NoFr01,775,21.9,8.43,0.38,6.88,8.73,70.79,2020
8/12/2020,955,9:49,23.89,NoFr01,823,22.2,8.42,0.4,5.45,9.1,69.19,2020
8/19/2020,962,15:13,26.11,NoFr01,826,24,8.54,0.4,7.91,8.15,70.98,2020
8/26/2020,969,13:08,26.67,NoFr01,835,23.5,8.32,0.41,7.3,7.47,87.41,2020
9/2/2020,976,12:12,24.44,NoFr01,567,22.6,8.32,0.27,65.4,8.27,45.38,2020
9/9/2020,983,14:30,29.44,NoFr01,747,24.8,8.32,0.36,12.9,8.92,61.52,2020
9/16/2020,990,12:17,17.33,NoFr01,855,17.9,8.78,0.42,7.62,9.63,63.95,2020
9/23/2020,997,14:49,23.89,NoFr01,484.5,14.1,8.1,0.24,9.24,6.09,16.13,2020
9/30/2020,1004,14:19,16.67,NoFr01,828,17,8.37,0.41,3.55,8.98,60.67,2020
6/1/2021,1248,12:12,21,NoFr01,649,15,8.42,0.32,2.61,12.04,61.19,2021
6/11/2021,1258,11:53,22,NoFr01,695,20.9,8.17,0.34,3.56,9.65,65.47,2021
6/17/2021,1264,11:57,22,NoFr01,706,18.3,8.31,0.35,3.61,6.36,108.36,2021
6/24/2021,1271,11:56,22,NoFr01,710,19.1,8.24,0.36,3.6,10.37,61.99,2021
6/29/2021,1276,12:24,31,NoFr01,739,26,8.21,0.36,6.31,4.42,46.35,2021
7/10/2021,1287,17:54,23.3,NoFr01,652,21.4,8.3,,3.44,8.38,37.81,2021
7/13/2021,1290,12:12,28,NoFr01,488,21.7,8.27,,36.6,8.84,23.64,2021
7/21/2021,1298,18:12,23.8,NoFr01,627,23,8.2,,2.56,8.31,43.68,2021
7/29/2021,1306,11:47,24.44,NoFr01,682,21.4,8.33,,2.49,8.83,42.23,2021
8/18/2021,1326,11:45,23.9,NoFr01,403.1,21,8.15,,226,8.47,17.6,2021
9/2/2021,1341,13:46,22.78,NoFr01,484.8,18.3,8.18,0.23,18.6,7.93,28.45,2021
9/6/2021,1345,14:10,23.89,NoFr01,572,19.3,8.3,0.28,5.38,7.25,43.26,2021
9/12/2021,1351,13:07,23.8,NoFr01,598,19.7,8.36,0.29,2.32,9.67,34.67,2021
9/21/2021,1360,13:36,24.4,NoFr01,655,21,8.41,0.32,11.1,6.67,40.17,2021
6/4/2019,521,9:34,17.78,NoFr02,529.4,12.9,8.34,0.26,,10.38,45.1,2019
6/12/2019,528,10:08,19.44,NoFr02,517.2,15,8.38,0.25,5.75,9.49,37.69,2019
6/28/2019,544,10:26,25.56,NoFr02,483.4,19.5,8.43,0.23,,8.12,42.83,2019
7/3/2019,549,9:14,22.22,NoFr02,477.6,20.6,8.91,0.23,,8.97,33.09,2019
7/10/2019,556,8:47,24.44,NoFr02,498.2,20.2,8.93,0.24,10.9,8.55,45.05,2019
7/24/2019,570,9:10,18.33,NoFr02,541.9,16.5,8.41,0.26,,9,27.06,2019
7/29/2019,575,9:15,23.89,NoFr02,546.6,19.6,8.31,0.26,4.78,8.37,30.89,2019
8/7/2019,584,9:23,20,NoFr02,481.1,20.4,8.52,0.23,18.6,7.66,28.81,2019
8/30/2019,607,14:05,27.78,NoFr02,575,21.7,8.6,0.28,,6.81,,2019
9/18/2019,626,11:36,21.11,NoFr02,663,17.7,8.02,0.32,4.15,7.6,,2019
6/5/2020,887,10:29,20.56,NoFr02,479.6,18.5,8.27,0.23,,8.01,62.9,2020
6/9/2020,891,10:49,23.56,NoFr02,522.2,17.7,8.36,0.25,,8.47,,2020
6/17/2020,899,8:42,16.67,NoFr02,550.7,15.7,8.35,0.27,11.83,9.28,,2020
6/23/2020,905,8:54,21.11,NoFr02,555.6,19.1,8.29,0.27,,7.97,,2020
6/29/2020,911,9:21,20.56,NoFr02,507.8,19.4,8.35,0.25,10.76,8.13,29.4,2020
7/8/2020,920,8:52,21.67,NoFr02,493.1,21.1,8.27,0.24,,7.71,29.63,2020
7/29/2020,941,14:04,30,NoFr02,483.8,24.9,8.41,0.23,4.79,7.26,63.19,2020
8/4/2020,947,9:55,21.11,NoFr02,593,21.5,8.29,0.29,12.08,7.06,78.47,2020
8/12/2020,955,9:38,23.89,NoFr02,520.8,22.1,8.24,0.25,9.24,6.76,89.91,2020
8/19/2020,962,15:20,26.11,NoFr02,617,23.1,8.35,0.3,71.8,5.13,82.01,2020
8/26/2020,969,12:58,26.67,NoFr02,571,23.1,8.01,0.28,15.2,6.04,93.31,2020
9/2/2020,976,12:03,24.44,NoFr02,495.4,22.1,7.89,0.24,30.2,7.7,53.77,2020
9/9/2020,983,14:39,29.44,NoFr02,608,22.7,8.26,0.29,13.9,8.1,64.46,2020
9/16/2020,990,12:06,17.33,NoFr02,647,17.6,8.67,0.32,3.69,8.12,71.99,2020
9/23/2020,997,14:39,23.89,NoFr02,650,16.7,8.13,0.32,3.6,7.42,81.31,2020
9/30/2020,1004,14:27,16.67,NoFr02,651,16.3,8.19,0.32,3.39,8.65,80.89,2020
6/1/2021,1248,11:55,21,NoFr02,553.3,16,8.43,0.27,5.42,11.1,69.67,2021
6/11/2021,1258,13:00,22.7,NoFr02,552,21.3,8.31,0.27,4.6,9.32,76.56,2021
6/17/2021,1264,11:45,21,NoFr02,516.9,16.2,8.26,0.29,6.53,6.66,126.24,2021
6/24/2021,1271,11:42,22.3,NoFr02,622,17.7,8.2,0.3,8.46,9.83,63.46,2021
6/29/2021,1276,12:00,30,NoFr02,655,24,8.09,0.32,9.72,4.68,63.49,2021
7/6/2021,1283,11:42,29,NoFr02,559,22.4,8.23,,6.7,7.94,40.89,2021
7/13/2021,1290,11:56,26,NoFr02,426,21.4,8.23,,38.53,8.43,24.81,2021
7/21/2021,1298,18:01,23.8,NoFr02,538,23.4,8.23,,3.2,8.1,49.14,2021
7/29/2021,1306,11:56,24.44,NoFr02,581,20.9,8.3,,2.56,7.75,51.17,2021
8/18/2021,1326,11:30,23.9,NoFr02,320.5,20.8,8.13,,205.8,8.39,21.27,2021
9/2/2021,1341,13:54,22.78,NoFr02,435.1,18.7,8.2,0.21,16.4,8.23,33.33,2021
9/6/2021,1345,14:19,23.89,NoFr02,519.8,19.5,8.38,0.25,8.22,8.44,42.44,2021
9/12/2021,1351,12:45,23.8,NoFr02,519.6,19,8.42,0.25,2.52,9.61,39.88,2021
9/21/2021,1360,13:26,24.4,NoFr02,566,20.7,8.42,0.27,2.04,10.27,45.18,2021
6/28/2018,179,11:13,21.67,NoFr03,397.7,17.44,7.91,0.19,28.85,,,2018
7/3/2018,184,10:01,25.56,NoFr03,461.9,20.33,8.34,0.22,12.43,,,2018
7/11/2018,192,12:13,25,NoFr03,439.9,20.4,8.44,0.21,,9.24,,2018
7/26/2018,207,10:41,22.22,NoFr03,439.2,20.9,8.47,0.21,,8.5,,2018
8/7/2018,219,11:48,26.11,NoFr03,451.4,21.9,8.47,0.22,,8.56,,2018
9/3/2018,246,16:02,32.78,NoFr03,445.8,25.1,8.29,0.21,,8.31,,2018
6/12/2019,528,9:57,19.44,NoFr03,413.2,14.1,8.43,0.2,13.22,9.19,12.17,2019
6/28/2019,544,10:11,25.56,NoFr03,378.9,18.5,8.56,0.18,,8.58,15.22,2019
7/4/2019,550,10:52,25.56,NoFr03,388.6,21.2,8.63,0.19,,7.72,13.01,2019
7/11/2019,557,11:15,24.44,NoFr03,387.8,21.4,8.44,0.19,46.85,8.48,8.97,2019
7/18/2019,564,9:48,21.67,NoFr03,360.8,20.5,8.38,0.17,20.95,8.77,8.79,2019
7/24/2019,570,8:51,18.33,NoFr03,420.2,15.7,8.42,0.2,,8.31,4.56,2019
7/25/2019,571,9:26,18.89,NoFr03,441,16,8.44,0.21,,8.65,8.3,2019
8/1/2019,578,9:33,21.11,NoFr03,444.7,18.9,8.26,0.21,7.49,7.97,5.38,2019
8/8/2019,585,8:56,18.89,NoFr03,447.1,18.8,8.47,0.22,14.6,7.4,10.17,2019
8/22/2019,599,8:47,21.67,NoFr03,458.4,19.7,8.13,0.22,13.83,5.43,,2019
8/30/2019,607,13:39,27.78,NoFr03,445.4,20.4,8.56,0.21,,7.23,,2019
9/18/2019,626,11:25,21.11,NoFr03,495.2,17.4,7.98,0.24,9.79,7.56,,2019
6/5/2020,887,10:22,20.56,NoFr03,418.6,18,8.24,0.2,,7.79,20.51,2020
6/9/2020,891,10:32,23.56,NoFr03,430.8,16.8,8.37,0.21,,8.64,,2020
6/17/2020,899,8:33,16.67,NoFr03,445.9,15.1,8.35,0.22,20.58,8.26,,2020
6/23/2020,905,8:40,21.11,NoFr03,441.8,18.9,8.32,0.21,,7.56,,2020
6/29/2020,911,9:10,20.56,NoFr03,401.5,18.5,8.35,0.19,25.33,7.82,7.85,2020
7/8/2020,920,8:38,21.67,NoFr03,384.4,20.1,8.25,0.18,,7.31,9.75,2020
7/29/2020,941,13:54,30,NoFr03,384.2,23.8,8.24,0.18,13.62,8.26,15.41,2020
8/4/2020,947,9:39,21.11,NoFr03,454,20,8.27,0.22,36.48,5.71,21.35,2020
8/12/2020,955,9:27,23.89,NoFr03,474.2,20.2,8.17,0.23,17.33,4.43,15.16,2020
8/19/2020,962,11:45,23.59,NoFr03,469.5,18.1,8.23,0.23,12.58,3.52,14.38,2020
8/26/2020,969,12:14,23.89,NoFr03,463.8,19.4,8.1,0.22,17.75,3.89,21.34,2020
9/2/2020,976,11:56,24.44,NoFr03,409.6,21.4,8.28,0.2,36.8,6.59,14.49,2020
9/9/2020,983,14:47,29.44,NoFr03,461.8,21.6,8.31,0.22,26.5,5.19,15.61,2020
9/16/2020,990,16:27,24.44,NoFr03,476.2,17.1,8.86,0.23,14,5.89,15.16,2020
9/23/2020,997,14:30,23.89,NoFr03,847,18.7,8.39,0.42,3.16,10.33,70.25,2020
9/30/2020,1004,14:35,16.67,NoFr03,465.7,14.9,8.14,0.23,6.4,6.81,15.6,2020
6/1/2021,1248,11:45,21,NoFr03,452.8,15,8.38,0.22,8.68,10.7,24,2021
6/11/2021,1258,11:30,22,NoFr03,459.6,19.9,8.15,0.22,12.53,7.58,27.82,2021
6/17/2021,1264,11:28,20.5,NoFr03,466.7,15.7,8.23,0.23,9.21,6.68,48.75,2021
6/24/2021,1271,11:30,22,NoFr03,483,17.3,8.15,0.23,10.63,8.66,19.17,2021
6/29/2021,1276,11:45,30,NoFr03,492.4,23.4,8.05,0.24,16.93,4.87,15.91,2021
7/6/2021,1283,11:30,29,NoFr03,437.3,21.2,8.22,,8.8,7.67,12.43,2021
7/13/2021,1290,11:43,26,NoFr03,351.6,20.5,8.17,,29.68,8.46,9.18,2021
7/21/2021,1298,17:45,23.8,NoFr03,426.5,22,8.27,,12.5,6.67,14.1,2021
7/29/2021,1306,12:04,24.44,NoFr03,446.7,20.3,8.34,,3.98,6.5,12.48,2021
8/18/2021,1326,11:22,23.9,NoFr03,292.6,20.6,8.06,,192.3,8.5,7.53,2021
9/2/2021,1341,14:03,22.78,NoFr03,339.4,18.5,8.25,0.16,18,8.04,10.99,2021
9/6/2021,1345,14:27,25,NoFr03,408.4,19.2,8.43,0.2,8.71,7.07,24.86,2021
9/12/2021,1351,12:36,23.8,NoFr03,428.8,19,8.41,0.21,4.71,7.93,12.42,2021
9/21/2021,1360,13:06,24.4,NoFr03,478.7,20.5,8.38,0.23,2.87,6.7,15.64,2021
6/21/2019,537,11:13,21.67,NrCr,2049,17,7.08,1.05,,8.55,216.63,2019
6/27/2019,543,10:22,27.22,NrCr,2112,18.1,7.17,1.08,,8.6,255.74,2019
7/2/2019,548,10:33,26.11,NrCr,2478,17.8,6.55,1.28,,8.05,228.85,2019
7/9/2019,555,11:13,25.56,NrCr,2263,19,7.04,1.16,71.85,8.52,246.81,2019
7/16/2019,562,9:58,25,NrCr,2521,19,6.29,1.31,146.5,8.21,194.02,2019
7/23/2019,569,9:15,18.33,NrCr,2247,18.3,6.43,1.15,,7.02,165.27,2019
7/30/2019,576,9:44,23.89,NrCr,2932,18.4,6.54,1.53,109.75,7.5,201.12,2019
8/6/2019,583,9:35,23.33,NrCr,3096,17.6,6.49,1.62,94.15,7.19,154.45,2019
8/20/2019,597,9:20,24.44,NrCr,3835,17.3,4.73,2.04,121.5,7.08,,2019
9/8/2019,616,13:06,22.78,NrCr,3750,16.7,5.7,1.99,,5.4,,2019
9/30/2019,638,16:23,28.89,NrCr,2485,19.5,6.83,1.29,,5.41,,2019
6/5/2020,887,12:12,21.67,NrCr,2742,16.8,5.66,1.43,,7.5,276.53,2020
6/10/2020,892,8:46,25,NrCr,3345,17,5.38,1.76,134.5,7.47,,2020
6/17/2020,899,10:29,18.89,NrCr,3638,15.2,4.78,1.93,128.75,10.54,,2020
6/22/2020,904,8:34,21.11,NrCr,3951,16.6,4.4,2.1,,7.56,,2020
7/1/2020,913,8:47,21.67,NrCr,2878,17.3,5.18,1.5,119.25,8.86,129.11,2020
7/9/2020,921,8:46,22.78,NrCr,3710,17.8,4.95,1.97,165.5,7.45,110.28,2020
7/29/2020,941,9:51,25.56,NrCr,3392,16.8,4.64,1.77,95.5,7.83,161.83,2020
8/3/2020,946,8:30,18.33,NrCr,4140,16.3,4.74,2.21,101.2,7.55,195.25,2020
8/11/2020,954,8:51,21.11,NrCr,922,20.1,6.85,0.46,637.75,7.78,124.12,2020
8/19/2020,962,13:10,25,NrCr,4434,16.7,5.36,2.38,93.15,7.15,218.38,2020
9/9/2020,983,12:33,28.33,NrCr,3025,17.8,5.72,1.58,124.8,7.04,209.82,2020
9/16/2020,990,14:13,23.33,NrCr,3637,15.7,6.5,1.93,116.25,7.43,200.2,2020
9/23/2020,997,12:17,20,NrCr,3823,13.7,5.08,2.03,148,7.53,205.47,2020
6/5/2021,1252,11:30,25.6,NrCr,2586,16.2,6.49,1.34,83.2,8.8,315.5,2021
6/12/2021,1259,11:15,24,NrCr,2510,17.3,6.37,1.3,26.78,8.18,323.46,2021
6/19/2021,1266,15:44,23,NrCr,2851,16.4,6.22,1.49,35.1,8.62,233.55,2021
6/24/2021,1271,13:28,27,NrCr,2500,17.1,6.36,17.1,24.18,7.51,306.9,2021
6/29/2021,1276,14:00,33,NrCr,2750,20.2,6.37,1.43,29.23,2.81,277.2,2021
7/11/2021,1288,10:38,24,NrCr,2415,17.4,6.33,,,7.67,190.75,2021
7/13/2021,1290,13:26,27,NrCr,746,20.5,6.45,,19.8,6.89,185.27,2021
7/22/2021,1299,10:50,28.9,NrCr,2697,17,6.21,,34.7,8.04,318.25,2021
7/29/2021,1306,10:01,23.89,NrCr,2812,17,6.3,,35.2,7.58,148.7,2021
9/6/2021,1345,12:00,23.33,NrCr,1978,17.3,6.7,1.01,58.5,7.37,212.79,2021
9/11/2021,1350,12:13,20,NrCr,2293,16,6.62,1.18,36.88,8.13,225.26,2021
9/25/2021,1364,11:30,17.2,NrCr,2801,19.2,6.43,1.46,42.9,8.18,229.03,2021
9/28/2021,1367,14:47,22.2,NrCr,2267,16.8,6.38,1.17,17.9,6.55,136.32,2021
6/28/2018,179,15:34,26.67,OhRv01,360.9,26.11,8.19,0.17,15.73,,,2018
7/3/2018,184,14:44,32.22,OhRv01,338,27.39,8.05,0.16,34.85,,,2018
7/9/2018,190,14:40,27.78,OhRv01,341.7,29.06,8.07,0.16,17.8,,,2018
7/11/2018,192,13:15,26.11,OhRv01,332.2,28.6,7.94,0.16,,7.76,,2018
7/17/2018,198,9:32,23.33,OhRv01,371.3,27.8,8.43,0.18,,6.26,,2018
7/24/2018,205,8:58,25,OhRv01,124,26.78,8.56,0.06,,,,2018
8/7/2018,219,10:00,25,OhRv01,378.6,26.7,8.21,0.18,,8.06,,2018
9/3/2018,246,15:20,32.22,OhRv01,361.6,29.9,8.35,0.17,,10.27,,2018
6/3/2019,520,10:05,16.67,OhRv01,231.6,19.9,7.79,0.11,72.3,7.46,12,2019
6/11/2019,527,9:48,17.22,OhRv01,221.1,19.6,7.73,0.1,33.35,7.8,7.97,2019
6/19/2019,535,9:14,22.22,OhRv01,220.4,19.9,7.94,0.1,42.68,7.21,15.31,2019
6/26/2019,542,8:49,22.22,OhRv01,190.2,20.4,7.92,0.09,40.15,7.39,14.25,2019
7/1/2019,547,9:04,19.44,OhRv01,215.2,23.3,7.67,0.1,29.48,7.09,9.87,2019
7/2/2019,548,11:57,28.33,OhRv01,228.3,24.4,8.1,0.11,,6.19,23.83,2019
7/8/2019,554,8:51,22.22,OhRv01,245.5,25.1,7.6,0.12,51.3,7.27,15.54,2019
7/16/2019,562,8:53,23.89,OhRv01,254.1,25,8.3,0.12,41.4,7.27,28.44,2019
7/17/2019,563,8:55,25,OhRv01,256.4,25.5,8.19,0.12,22.73,6.03,25.06,2019
7/25/2019,571,11:22,21.11,OhRv01,296.9,25.2,7.86,0.14,,6.67,21.08,2019
7/30/2019,576,8:42,22.78,OhRv01,266.4,25.2,8.47,0.13,11.88,6.53,16.28,2019
7/31/2019,577,8:51,21.11,OhRv01,273.5,25.4,8.16,0.13,13.88,6.81,15.89,2019
8/5/2019,582,9:04,21.11,OhRv01,308.1,26.7,8.34,0.15,22.2,5.77,22.78,2019
8/6/2019,583,8:40,23.33,OhRv01,313.6,26.1,8.72,0.15,10.9,6.62,25.28,2019
8/20/2019,597,8:01,22.22,OhRv01,384,26.6,7.76,0.18,13.33,5,,2019
8/21/2019,598,9:50,23.33,OhRv01,398.6,26.6,7.71,0.19,7.48,5.75,,2019
8/28/2019,605,12:21,23.33,OhRv01,409.9,26,8.4,0.2,15.1,6.53,,2019
9/30/2019,638,15:37,27.78,OhRv01,368.8,25.6,7.74,0.18,,7.71,,2019
6/5/2020,887,11:39,21.67,OhRv01,341.4,22.2,7.62,0.16,,6.55,45.18,2020
6/10/2020,892,8:04,25,OhRv01,325,23.7,7.75,0.15,14.9,6.74,,2020
6/22/2020,904,7:57,21.11,OhRv01,371,26.3,7.48,0.18,,5.64,,2020
7/1/2020,913,8:15,21.67,OhRv01,405.7,25.3,7.43,0.19,4.94,5.27,25.76,2020
7/9/2020,921,8:03,22.78,OhRv01,434.8,28.4,7.62,0.21,7.58,4.53,25.41,2020
7/29/2020,941,9:10,18.89,OhRv01,330,27.8,7.45,0.16,9.65,4.91,39.65,2020
8/3/2020,946,7:56,18.33,OhRv01,402.2,27.4,7.34,0.19,5.93,3.81,49.13,2020
8/11/2020,954,8:01,21.11,OhRv01,407.2,27,7.59,0.19,24.03,5.95,48.88,2020
8/19/2020,962,12:41,23.59,OhRv01,443,26.5,8.25,0.21,5.91,7.37,48.94,2020
8/26/2020,969,13:56,26.67,OhRv01,411.3,29.4,8.33,0.19,5.94,7.57,67.64,2020
9/2/2020,976,13:46,25,OhRv01,399.2,26.8,7.66,0.19,27.5,6.76,57.45,2020
9/30/2020,1004,11:47,15,OhRv01,388.6,20.6,7.45,0.19,5.52,8.06,34.48,2020
6/5/2021,1252,12:41,27.2,OhRv01,367.5,23,7.51,0.18,16.33,8,65.45,2021
6/12/2021,1259,11:55,24,OhRv01,349.4,24.1,7.2,0.17,28.08,4.96,62.91,2021
6/20/2021,1267,11:41,26,OhRv01,351.6,25.1,7.61,0.17,17.43,6.61,30.89,2021
6/26/2021,1273,11:40,28,OhRv01,365.9,23.8,7.71,0.17,12,5.5,36.01,2021
7/2/2021,1279,11:16,20,OhRv01,328.9,24.4,7.55,,18.68,7.51,25.69,2021
7/11/2021,1288,11:20,27,OhRv01,365.8,26,7.68,,7.82,7.63,38.1,2021
7/15/2021,1292,10:53,24.4,OhRv01,365,26.4,7.55,,9.08,7.27,35.41,2021
7/22/2021,1299,11:40,28.9,OhRv01,214.4,23.9,7.36,,30.05,6.35,25.25,2021
7/29/2021,1306,9:48,23.89,OhRv01,214.9,24.9,7.44,,7.19,7.32,20.25,2021
8/22/2021,1330,11:07,26.7,OhRv01,374.9,25.2,7.62,,41.83,7.04,38.43,2021
9/6/2021,1345,11:45,23.33,OhRv01,340.6,23.4,7.68,0.16,23.2,7.3,30.2,2021
9/11/2021,1350,12:57,20,OhRv01,295.5,23.4,7.78,0.14,34.9,7.86,27.33,2021
9/25/2021,1364,12:04,17.2,OhRv01,363,21.6,7.72,0.17,10.7,7.87,38.83,2021
9/28/2021,1367,14:32,22.2,OhRv01,379.1,23.1,7.99,0.18,10.73,8.18,30.89,2021
6/3/2019,520,9:50,16.67,OhRv02,233.4,19.3,8.14,0.11,49.7,7.98,10.48,2019
6/11/2019,527,9:32,17.22,OhRv02,219.1,19.7,7.76,0.1,43.2,7.76,5.34,2019
6/19/2019,535,8:59,22.22,OhRv02,221.4,19.9,7.9,0.1,77.4,7.91,8.63,2019
6/26/2019,542,8:32,22.22,OhRv02,194,20.3,7.78,0.09,53.58,7.66,7.23,2019
7/1/2019,547,8:47,18.33,OhRv02,214.1,23.3,7.71,0.1,21.9,7.13,6.27,2019
7/4/2019,550,12:42,29.44,OhRv02,245.2,25.8,8.25,0.12,,6.73,25.69,2019
7/8/2019,554,8:33,22.22,OhRv02,241.6,25.1,7.62,0.11,33.68,7.45,8.29,2019
7/17/2019,563,8:42,25,OhRv02,251.5,25.6,8.49,0.12,23.3,5.7,25.25,2019
7/25/2019,571,10:55,21.11,OhRv02,296.5,24.9,7.66,0.14,,6.16,23.79,2019
7/26/2019,572,9:50,20,OhRv02,281.4,24.6,8.37,0.13,,6.6,14.14,2019
7/31/2019,577,8:33,21.11,OhRv02,275.1,25.6,8.53,0.13,17.4,6.26,19.28,2019
8/1/2019,578,11:06,24.44,OhRv02,283.8,26.4,7.64,0.13,12.1,4.96,22.92,2019
8/5/2019,582,8:46,21.11,OhRv02,308.3,26.7,8.67,0.15,17.73,5.59,19.99,2019
8/8/2019,585,10:35,26.11,OhRv02,337.3,27.1,7.86,0.16,25.73,5.1,27.13,2019
8/21/2019,598,9:34,23.33,OhRv02,396,26.9,7.82,0.19,27.4,6.22,,2019
8/22/2019,599,10:23,24.44,OhRv02,389.9,27.5,7.58,0.19,26.18,4.02,,2019
8/28/2019,605,11:55,23.33,OhRv02,403.8,26,8.43,0.19,7.79,6.03,,2019
9/8/2019,616,12:20,21.67,OhRv02,404.4,25.1,7.3,0.19,,6.17,,2019
9/30/2019,638,15:24,27.78,OhRv02,371.6,25,7.73,0.18,,7.7,,2019
6/5/2020,887,11:24,21.67,OhRv02,341,22.2,7.43,0.16,,7.04,41.08,2020
6/10/2020,892,7:42,25,OhRv02,324.4,23.9,7.79,0.15,7.9,6.61,,2020
6/17/2020,899,9:48,18.89,OhRv02,346,24.4,7.52,0.16,28.1,6.58,,2020
6/22/2020,904,7:38,21.11,OhRv02,367.7,25.9,7.27,0.18,,5.3,,2020
7/1/2020,913,8:00,21.67,OhRv02,355,25.7,7.38,0.17,5.98,5.82,26.44,2020
7/9/2020,921,7:40,22.78,OhRv02,433.7,28.2,7.49,0.21,5.1,4.8,26.77,2020
7/29/2020,941,8:50,18.89,OhRv02,326.8,28.2,7.33,0.15,26.2,5.31,38.45,2020
8/3/2020,946,7:36,18.33,OhRv02,402.1,27.6,7.13,0.19,20.23,4.91,49.76,2020
8/11/2020,954,7:40,21.11,OhRv02,416.2,27.8,6.89,0.2,16.55,4.51,49.36,2020
8/19/2020,962,12:26,23.59,OhRv02,443.2,27.9,7.52,0.21,7.24,7.62,49.59,2020
8/26/2020,969,13:41,26.67,OhRv02,409.4,29.5,8.25,0.19,7.14,6.73,69.76,2020
9/2/2020,976,13:30,25,OhRv02,374.8,26.7,7.78,0.18,26.75,6.7,60.45,2020
9/9/2020,983,11:52,28.33,OhRv02,400.9,25.7,6.83,0.19,52.6,6.33,41.47,2020
9/16/2020,990,13:31,23.33,OhRv02,407.9,26.8,8.29,0.19,17.1,7.38,42.97,2020
9/23/2020,997,11:34,20,OhRv02,370.7,21.2,7,0.18,3.93,6.04,42.47,2020
9/30/2020,1004,11:32,15,OhRv02,389.8,21.6,7,0.19,20.2,8.12,35.88,2020
6/5/2021,1252,13:00,28.3,OhRv02,366.7,23.2,7.41,0.17,20.4,8.57,56.17,2021
6/12/2021,1259,11:35,24,OhRv02,351,23.8,6.97,0.17,14.3,5.27,68.83,2021
6/20/2021,1267,11:24,26,OhRv02,346.4,25.3,7.69,0.16,14.8,6.85,27.96,2021
6/26/2021,1273,11:20,26,OhRv02,359.8,24.1,7.69,0.17,27.55,7.48,34.09,2021
7/2/2021,1279,10:56,20,OhRv02,324.6,24.7,7.31,,14.1,6.43,24.08,2021
7/11/2021,1288,11:02,24,OhRv02,311,26.2,7.39,,12.13,7,37.2,2021
7/15/2021,1292,10:33,24.4,OhRv02,366.3,26.4,7.43,,15.5,6.95,38.21,2021
7/22/2021,1299,11:21,28.9,OhRv02,240.7,23.9,7.2,,33.7,7.65,25.59,2021
7/29/2021,1306,9:33,23.89,OhRv02,299.1,24.7,6.96,,7.48,6.55,23.87,2021
8/22/2021,1330,10:50,26.7,OhRv02,371.7,25.1,7.56,,43.8,5.37,35.87,2021
9/2/2021,1341,11:15,20.56,OhRv02,281.2,24.5,7.5,0.13,109,6.19,30.99,2021
9/6/2021,1345,11:29,23.33,OhRv02,326.1,23.3,7.5,0.16,45.3,6.33,32.62,2021
9/11/2021,1350,12:39,20,OhRv02,255.8,23.8,7.61,0.12,38.45,7.43,28.39,2021
9/25/2021,1364,11:55,17.2,OhRv02,332.6,21.6,7.46,0.16,10.75,7.48,39.37,2021
9/28/2021,1367,14:13,22.2,OhRv02,380,22.8,7.5,0.18,8.57,7.1,32.25,2021
6/3/2019,520,12:55,16.67,PrCr,546.8,15.8,8.3,0.27,18.6,9.68,29.99,2019
6/11/2019,527,11:23,19.44,PrCr,513.3,16,8.4,0.25,194.75,8.53,30.96,2019
6/19/2019,535,10:49,23.89,PrCr,513.2,18.7,8.51,0.25,55.65,8.41,42.89,2019
6/26/2019,542,10:18,25,PrCr,477,17.7,8.43,0.23,23.33,8.63,31.05,2019
7/1/2019,547,12:17,24.44,PrCr,483.5,19.2,8.47,0.23,64.4,8.69,27.7,2019
7/2/2019,548,1:00,31.11,PrCr,477.9,21.9,8.51,0.23,,8.9,33.62,2019
7/8/2019,554,11:52,24.44,PrCr,467.2,20.9,8.21,0.23,27.63,8.85,21.38,2019
7/12/2019,558,12:32,24.44,PrCr,454,20.8,8.46,0.22,33.78,9.03,25.22,2019
7/17/2019,563,11:24,25.56,PrCr,479.3,21.6,8.31,0.23,13.05,9.05,22.05,2019
7/31/2019,577,13:16,25,PrCr,525,22.7,8.65,0.25,7.53,8.13,23.75,2019
8/5/2019,582,11:39,27.78,PrCr,561,20.3,8.5,0.27,3.65,4.8,23.73,2019
8/21/2019,598,11:19,25,PrCr,580,22.4,8.19,0.28,5.5,6.68,,2019
8/28/2019,605,14:01,25,PrCr,448.8,21.7,8.46,0.22,56.6,4.69,,2019
6/5/2020,887,13:39,23.89,PrCr,506.9,18.7,8.3,0.25,,8.77,43.3,2020
6/10/2020,892,11:19,27.2,PrCr,556,20.8,8.22,0.27,11.48,8.23,,2020
6/17/2020,899,11:42,21.11,PrCr,577.2,17,8.42,0.28,11.75,9.31,,2020
6/22/2020,904,10:32,23.33,PrCr,558,20.4,8.4,0.27,,7.94,,2020
7/1/2020,913,10:51,26.67,PrCr,548.7,19.2,8.53,0.27,11.48,7.93,19.75,2020
7/9/2020,921,11:00,28.33,PrCr,574,21.9,8.66,0.28,7.04,7.98,21.7,2020
7/29/2020,941,11:24,27.78,PrCr,464.6,21,8.36,0.22,4.44,7.75,37.91,2020
8/3/2020,946,10:01,23.89,PrCr,567,19.7,8.23,0.28,6.19,7.5,46.1,2020
8/11/2020,954,10:21,22.22,PrCr,559,21.2,8.22,0.27,104.5,7.01,52.61,2020
8/19/2020,962,14:14,25,PrCr,575,21.8,8.7,0.33,3.95,7.59,57.67,2020
8/26/2020,969,15:12,29.44,PrCr,579,24.5,8.53,0.28,7.91,7.5,60.21,2020
9/2/2020,976,15:17,25,PrCr,466.3,22.3,8.52,0.22,67.5,8.21,34.55,2020
9/9/2020,983,13:38,29.44,PrCr,604,22.4,8.41,0.29,21.3,8.83,34.53,2020
9/16/2020,990,15:33,24.44,PrCr,640,19.3,9.03,0.31,4.13,7.78,42.25,2020
9/23/2020,997,13:34,21.67,PrCr,658,15.5,8.3,0.32,2.75,9.93,53.14,2020
9/30/2020,1004,13:25,15.56,PrCr,615,15.8,8.33,0.3,29.1,10.51,43.88,2020
6/5/2021,1252,15:10,29.4,PrCr,533,22.9,8.24,0.26,7.51,8.73,56.31,2021
6/12/2021,1259,14:25,27,PrCr,531,23,8.26,0.26,9.23,3.91,56.55,2021
6/19/2021,1266,17:45,23.8,PrCr,603,21.4,8.22,0.29,7.1,8.72,42.45,2021
6/26/2021,1273,12:55,28,PrCr,617,21.6,8.22,0.3,8.29,4.33,42.52,2021
7/2/2021,1279,13:06,21,PrCr,505.9,18,8.22,,37.03,9.22,33.58,2021
7/11/2021,1288,12:32,27,PrCr,523,21.3,8.26,,3.45,9.38,30.25,2021
7/15/2021,1292,12:10,26,PrCr,547,24.6,8.26,,19.1,8.59,28.82,2021
7/22/2021,1299,13:02,28.9,PrCr,565,20.2,8.25,,2.53,9.67,36.03,2021
7/29/2021,1306,11:03,24.44,PrCr,577,21,8.26,,2.24,8.53,31.57,2021
8/22/2021,1330,12:00,27.8,PrCr,581,21,8.26,,8.84,8.34,30.23,2021
9/2/2021,1341,12:36,21.67,PrCr,487.5,17.2,8.28,0.24,19.8,9.57,27.63,2021
9/6/2021,1345,13:08,23.89,PrCr,538.3,19.7,8.37,0.26,10.1,8.58,40.71,2021
9/11/2021,1350,13:58,20,PrCr,556.3,18.3,8.37,0.27,2.78,9.2,34.22,2021
9/25/2021,1364,13:05,17.2,PrCr,611,16.1,8.4,0.3,6,10.38,44.51,2021
6/28/2018,179,11:54,22.22,ShCr02,759,19.06,8.3,0.37,20.88,,,2018
7/3/2018,184,10:30,25.56,ShCr02,1223,23,8.38,0.61,4.39,,,2018
7/11/2018,192,12:41,25,ShCr02,1144,24.3,8.32,0.57,,8.58,,2018
7/26/2018,207,9:54,21.67,ShCr02,1084,21.9,8.28,0.54,,8.31,,2018
8/7/2018,219,11:22,26.11,ShCr02,1181,23.3,8.28,0.59,,7.94,,2018
9/3/2018,246,15:48,32.22,ShCr02,1205,27.9,8.13,0.6,,9.38,,2018
6/4/2019,521,10:06,17.78,ShCr02,1445,15.1,8.2,0.73,,9.95,235.39,2019
6/12/2019,528,10:43,19.44,ShCr02,1134,17,8.49,0.57,4.25,8.83,154.97,2019
6/28/2019,544,10:55,25.56,ShCr02,894,21.3,8.51,0.44,,7.64,143.47,2019
7/4/2019,550,11:38,27.22,ShCr02,730,23.6,8.52,0.36,,8.69,88.38,2019
7/11/2019,557,12:41,24.44,ShCr02,653,22.9,8.41,0.32,19.83,6.54,48.25,2019
7/18/2019,564,10:25,22.22,ShCr02,685,21.8,8.46,0.33,10.67,9.08,41.43,2019
7/24/2019,570,10:38,20,ShCr02,921,18.8,8.38,0.46,,8.8,83.27,2019
7/25/2019,571,10:00,20,ShCr02,687,17.7,8.51,0.34,,9.08,29.85,2019
8/1/2019,578,10:14,22.78,ShCr02,1200,21.5,8.56,0.6,4.65,7.78,156.3,2019
8/8/2019,585,9:45,21.11,ShCr02,1543,21.3,8.59,0.78,4.88,5.12,270.15,2019
8/22/2019,599,9:28,22.78,ShCr02,1162,21.6,8.47,0.58,4.29,4.01,,2019
8/30/2019,607,14:36,27.78,ShCr02,1438,23.8,8.55,0.72,,7.04,,2019
9/18/2019,626,12:00,21.11,ShCr02,2180,20.9,8.05,1.11,8.49,7.32,,2019
6/5/2020,887,10:49,20.56,ShCr02,834,19.1,8.25,0.41,,8,88.96,2020
6/9/2020,891,11:35,27.22,ShCr02,717,19.8,8.38,0.35,,8.66,,2020
6/17/2020,899,9:18,18.89,ShCr02,842,16.5,8.34,0.42,9.82,9.23,,2020
6/23/2020,905,9:37,21.11,ShCr02,1291,20.6,8.34,0.65,,7.44,,2020
6/29/2020,911,9:58,23.89,ShCr02,1472,21.3,8.37,0.74,191.75,7.28,151.46,2020
7/8/2020,920,9:26,23.89,ShCr02,880,22.2,8.31,0.43,,7.33,51.4,2020
7/29/2020,941,12:32,28.89,ShCr02,2464,27.4,8.21,1.26,3.83,3.24,421.41,2020
8/4/2020,947,10:33,21.67,ShCr02,1451,21.9,8.46,0.72,5.09,7.7,195.4,2020
8/12/2020,955,10:08,25.56,ShCr02,1020,22,8.39,0.51,17.3,7.05,108.75,2020
8/19/2020,962,14:54,25,ShCr02,3369,25.3,8.6,1.76,8.97,7.77,554.77,2020
8/26/2020,969,13:17,26.67,ShCr02,1933,23.6,8.39,0.98,11.2,8.46,356.83,2020
9/2/2020,976,13:05,25,ShCr02,1047,23.2,8.33,0.52,64.9,7.64,165.38,2020
9/9/2020,983,14:15,29.44,ShCr02,1553,25.2,8.42,0.77,32.9,7.51,228.04,2020
9/16/2020,990,13:02,17.33,ShCr02,1219,17.4,8.25,0.61,18.76,8.78,117.05,2020
9/23/2020,997,14:11,23.89,ShCr02,1143,15.6,8.31,0.57,7.88,9.23,113.13,2020
9/30/2020,1004,14:04,16.67,ShCr02,1366,16.7,8.29,0.69,6.15,8.84,159.54,2020
6/1/2021,1248,12:26,22,ShCr02,829,17.5,8.51,0.41,5.6,13.2,95.94,2021
6/11/2021,1258,12:10,22,ShCr02,539.6,21.2,8.15,0.41,5.57,7.99,90.43,2021
6/17/2021,1264,12:10,23,ShCr02,945,19.2,8.33,0.47,2.23,7.28,153.77,2021
6/24/2021,1271,12:08,26,ShCr02,1454,20.8,8.3,0.73,3.88,9.6,173.51,2021
6/29/2021,1276,12:35,31,ShCr02,1719,27.3,8.25,0.87,5.12,3.56,194.36,2021
7/10/2021,1287,18:09,23.3,ShCr02,1664,23.1,8.31,,2.83,8.28,249.36,2021
7/13/2021,1290,12:22,28,ShCr02,730,22.6,8.27,,45.5,8.28,60.5,2021
7/21/2021,1298,18:26,23.8,ShCr02,1689,24.7,8.22,,3.97,7.59,226.79,2021
7/29/2021,1306,11:38,24.44,ShCr02,2224,23.3,8.25,,4.96,7.24,342.75,2021
8/18/2021,1326,11:50,23.9,ShCr02,635,21.3,8.15,,252.8,8.12,51.96,2021
9/2/2021,1341,13:25,22.78,ShCr02,1021,19.2,7.92,0.51,28.9,8.09,108.21,2021
9/6/2021,1345,13:55,23.89,ShCr02,1195,20.5,8.36,0.6,7.18,7.91,120.6,2021
9/12/2021,1351,13:17,23.8,ShCr02,1300,21,8.44,0.65,1.48,9.71,154.49,2021
6/4/2019,521,10:00,17.78,ShCr03,624.5,13.7,8.27,0.3,,10.05,42.63,2019
6/12/2019,528,10:36,19.44,ShCr03,607,15.8,8.41,0.3,6.96,9.37,38.61,2019
6/28/2019,544,10:50,25.56,ShCr03,534.6,19.7,8.45,0.26,,7.8,40.64,2019
7/3/2019,549,9:28,22.22,ShCr03,521.9,20.6,8.38,0.23,,7.86,30.01,2019
7/10/2019,556,10:15,24.44,ShCr03,563,21.4,8.65,0.27,8.87,8.93,39.9,2019
7/24/2019,570,10:06,20,ShCr03,604,17.6,8.41,0.29,,8.92,27.75,2019
7/29/2019,575,9:45,25.56,ShCr03,612,20.4,8.43,0.3,5.99,7.89,28.6,2019
8/7/2019,584,9:51,20,ShCr03,509.2,20.7,8.51,0.25,40.58,7.84,26.61,2019
8/30/2019,607,14:28,27.78,ShCr03,674,22.8,8.59,0.33,,6.69,,2019
9/18/2019,626,11:51,21.11,ShCr03,804,19.3,8.23,0.4,2.53,8.77,,2019
6/5/2020,887,10:44,20.56,ShCr03,557.5,18.6,8.27,0.27,,7.72,49.55,2020
6/9/2020,891,11:21,27.22,ShCr03,615,19.4,8.32,0.3,,8.35,,2020
6/17/2020,899,9:01,18.89,ShCr03,657,16.4,8.28,0.32,7.69,8.48,,2020
6/23/2020,905,9:20,21.11,ShCr03,662,19.8,8.28,0.32,,7.61,,2020
6/29/2020,911,9:46,23.89,ShCr03,584,20.2,8.3,0.28,176,7.12,30.84,2020
7/8/2020,920,9:14,23.89,ShCr03,643,21.9,8.33,0.31,,6,27.8,2020
7/29/2020,941,12:19,28.89,ShCr03,592,24.2,8.33,0.29,4.54,6.43,48.99,2020
8/4/2020,947,10:21,21.67,ShCr03,742,21.2,8.27,0.36,6.17,5.94,69.58,2020
8/12/2020,955,9:58,23.89,ShCr03,817,21.6,8.34,0.4,7.16,5.7,69.92,2020
8/19/2020,962,14:48,25,ShCr03,840,23,8.52,0.41,6.68,6.92,72.3,2020
9/2/2021,1341,13:18,22.78,ShCr03,495.9,18.4,8.45,0.24,26.9,8.31,28.9,2021
9/6/2021,1345,13:47,23.89,ShCr03,578,19.6,8.42,0.28,5.72,8.25,37.37,2021
9/21/2021,1360,13:47,24.4,ShCr03,659,21.5,8.41,0.32,3.09,9.65,44.93,2021
7/3/2019,549,12:50,27.22,ShCr05,448.8,22.5,8.59,0.22,,8.66,27.07,2019
7/10/2019,556,10:55,24.44,ShCr05,451.9,21.2,8.59,0.22,48.68,8.79,28.45,2019
7/24/2019,570,11:46,20,ShCr05,499.1,18.3,8.63,0.24,,9.09,21.73,2019
7/29/2019,575,9:32,23.89,ShCr05,513.6,19.9,8.44,0.25,10.79,8.24,20.7,2019
8/7/2019,584,9:38,20,ShCr05,450,20.2,8.55,0.22,51.88,7.43,21.81,2019
8/30/2019,607,15:03,27.78,ShCr05,538,21.5,8.91,0.26,,7.94,,2019
9/18/2019,626,12:18,21.11,ShCr05,630,16.4,8.54,0.31,4.59,8.5,,2019
6/5/2020,887,14:03,23.89,ShCr05,480.1,18.9,8.32,0.23,,8.43,59.77,2020
6/9/2020,891,12:09,28.89,ShCr05,507,19.2,8.36,0.25,,8.47,,2020
6/23/2020,905,10:09,21.11,ShCr05,537.6,19.5,8.38,0.26,,8.48,,2020
6/29/2020,911,10:30,23.89,ShCr05,493,19.9,8.32,0.24,68.73,8.13,22.7,2020
7/8/2020,920,9:56,23.89,ShCr05,542,21.5,8.43,0.26,,8.04,23.9,2020
7/29/2020,941,12:05,28.89,ShCr05,457.6,21.8,8.44,0.22,5.6,7.93,40.4,2020
8/4/2020,947,11:04,23.33,ShCr05,569,20.6,8.46,0.28,12.44,7.88,57.31,2020
8/12/2020,955,10:33,25.56,ShCr05,645,20.6,8.39,0.31,7.93,7.42,64.96,2020
8/19/2020,962,14:40,25,ShCr05,645,20.5,8.8,0.31,7.19,8.74,54.65,2020
8/26/2020,969,15:39,29.44,ShCr05,592,22.6,8.62,0.29,11.1,7.69,65.74,2020
9/2/2020,976,15:43,25,ShCr05,406.4,22.3,8.4,0.19,208,6.43,29.12,2020
9/9/2020,983,14:05,29.44,ShCr05,573,22.3,8.45,0.28,70.9,8.1,36.98,2020
9/16/2020,990,16:02,24.44,ShCr05,599,18.1,8.89,0.29,13.85,9.16,42.4,2020
9/23/2020,997,14:01,23.89,ShCr05,627.5,14.2,8.31,0.31,18.48,9.79,51.28,2020
9/30/2020,1004,13:55,16.67,ShCr05,581.1,14.7,8.26,0.28,3.3,9.7,40.77,2020
6/1/2021,1248,13:02,21,ShCr05,524.2,16.7,8.44,0.25,8.47,9.92,45.24,2021
6/11/2021,1258,12:41,21,ShCr05,534.2,20.6,8.22,0.26,10.03,9.13,53.07,2021
6/17/2021,1264,12:35,23,ShCr05,562.8,17.1,8.33,0.27,4.47,7.17,92.43,2021
6/24/2021,1271,12:40,24,ShCr05,598,18.7,8.33,0.29,5.84,9.54,53.46,2021
6/29/2021,1276,13:03,31,ShCr05,626,25,8.25,0.3,8.41,4.01,53.63,2021
7/10/2021,1287,18:46,23.3,ShCr05,526.9,21.1,8.33,,5.46,8.66,45.33,2021
7/13/2021,1290,12:49,28,ShCr05,422.7,21.5,8.14,,75.45,8.18,23.28,2021
7/21/2021,1298,18:54,23.8,ShCr05,526.6,22,8.25,,4.18,8.33,42.76,2021
7/29/2021,1306,11:29,24.44,ShCr05,544.3,20.6,8.33,,2.75,8.56,37.45,2021
8/18/2021,1326,12:15,23.9,ShCr05,380.4,20.8,8.14,,215.3,8.36,26.05,2021
9/2/2021,1341,13:10,22.78,ShCr05,434.5,18.5,8.19,0.21,17.9,8.4,29.18,2021
9/6/2021,1345,13:37,23.89,ShCr05,504.6,19.2,8.39,0.24,5.35,8.45,35.2,2021
9/12/2021,1351,13:40,23.8,ShCr05,516.1,19.8,8.38,0.25,2.8,8.98,37.4,2021
9/21/2021,1360,14:09,24.4,ShCr05,588,20.9,8.41,0.29,2.41,8.61,49.17,2021
6/21/2019,537,10:15,18.89,ShCr06,583,17.8,8.23,0.28,,8.95,53.8,2019
6/28/2019,544,11:02,27.22,ShCr06,942,21,8.6,0.47,,8.47,162.79,2019
7/3/2019,549,9:38,22.22,ShCr06,1119,22.2,8.27,0.56,,8.26,175.45,2019
7/10/2019,556,9:36,24.44,ShCr06,1219,22.2,8.35,0.61,4.97,8.23,213.89,2019
7/24/2019,570,11:07,20,ShCr06,932,19,8.43,0.46,,9.07,78.14,2019
7/29/2019,575,9:56,25.56,ShCr06,1628,21.4,8.26,0.82,16.7,7.4,267.44,2019
8/7/2019,584,10:00,20,ShCr06,1140,21.9,8.39,0.57,10.87,8.02,148.06,2019
8/30/2019,607,14:52,27.78,ShCr06,1448,23.9,8.65,0.73,,6.67,,2019
9/18/2019,626,12:06,21.11,ShCr06,1727,19,8.35,0.88,6.12,8.89,,2019
6/5/2020,887,10:59,20.56,ShCr06,820,19.3,8.24,0.4,,8.08,91.17,2020
6/9/2020,891,11:50,27.22,ShCr06,846,19.7,8.31,0.42,,8.57,,2020
6/17/2020,899,9:12,18.89,ShCr06,1083,17.1,8.28,0.54,14.45,9.29,,2020
6/23/2020,905,9:51,21.11,ShCr06,1527,20.9,8.28,0.77,,7.69,,2020
6/29/2020,911,10:12,23.89,ShCr06,1508,21,8.37,0.76,39.86,7.89,157.92,2020
7/8/2020,920,9:37,23.89,ShCr06,1014,22.5,8.32,0.5,,7.82,66.1,2020
7/29/2020,941,12:45,28.89,ShCr06,1845,25.1,8.43,0.93,3.4,8.39,312.81,2020
8/4/2020,947,10:47,21.67,ShCr06,1205,21.5,8.39,0.6,3.7,8.03,161.31,2020
8/12/2020,955,10:18,25.56,ShCr06,1508,21.9,8.39,0.76,5.61,7.7,215.3,2020
8/19/2020,962,15:03,26.11,ShCr06,1492,24.4,8.48,0.75,9.85,8.61,183.43,2020
8/26/2020,969,13:25,26.67,ShCr06,2749,23.6,8.52,1.42,5.53,8.11,585.27,2020
9/2/2020,976,13:12,25,ShCr06,886,23.4,8.2,0.43,101.2,7.59,124.21,2020
9/9/2020,983,14:21,29.44,ShCr06,1267,24.9,8.42,0.62,30.4,7.86,155.34,2020
9/16/2020,990,13:13,17.33,ShCr06,2204,18.5,8.82,1.13,4.79,8.57,337.84,2020
9/23/2020,997,14:20,23.89,ShCr06,1584,17.9,8.34,0.8,6.02,9.62,244.26,2020
9/30/2020,1004,14:12,16.67,ShCr06,2399,17.6,8.32,1.24,4.3,8.78,406.73,2020
6/1/2021,1248,12:40,22,ShCr06,936,17.9,8.46,0.45,2.15,12.49,107,2021
6/11/2021,1258,12:20,22,ShCr06,997,21.9,8.19,0.49,4.01,9.33,121.98,2021
6/17/2021,1264,12:20,23,ShCr06,1205,18.9,8.33,0.6,5.01,7.02,218.38,2021
6/24/2021,1271,12:23,26,ShCr06,1494,20.1,8.3,0.75,4.61,10.28,185.06,2021
6/29/2021,1276,12:50,31,ShCr06,1484,26.6,8.26,0.74,2.28,4.29,167.4,2021
7/10/2021,1287,18:23,24,ShCr06,1317,22.7,8.29,,16.85,8.32,179.91,2021
7/13/2021,1290,12:32,28,ShCr06,712,22.7,8.22,,82.68,8.44,60.79,2021
7/21/2021,1298,18:40,23.8,ShCr06,1571,24.4,8.22,,2.09,7.74,218.75,2021
8/18/2021,1326,12:05,23.9,ShCr06,655,21.3,8.08,,364,8.22,54.71,2021
9/2/2021,1341,13:37,22.78,ShCr06,958,19.5,8.11,0.47,23.3,8.11,96.49,2021
9/6/2021,1345,14:02,23.89,ShCr06,1180,20.7,8.33,0.59,5.98,8.43,121.6,2021
9/12/2021,1351,13:23,23.8,ShCr06,1126,20.9,8.48,0.56,1.91,10.82,126.47,2021
9/21/2021,1360,13:56,24.4,ShCr06,1817,22.3,8.39,0.92,2.19,10.2,229.91,2021
6/28/2018,179,16:24,28.33,WdCr,725,21.11,8.44,0.35,9.97,,,2018
7/3/2018,184,12:47,29.44,WdCr,733,24.56,8.4,0.36,2.55,,,2018
7/9/2018,190,13:57,27.22,WdCr,772,23.61,8.39,0.38,11.33,,,2018
7/11/2018,192,14:11,27.78,WdCr,725,24,8.37,0.35,,7.31,,2018
7/17/2018,198,11:30,26.11,WdCr,770,23.5,8.39,0.38,,8.16,,2018
7/24/2018,205,10:06,26.67,WdCr,863,22.61,8.27,0.42,,,,2018
8/7/2018,219,9:31,23.89,WdCr,822,23.1,8.4,0.4,,7.07,,2018
6/3/2019,520,10:46,16.67,WdCr,700,15.1,8.08,0.34,3.68,9.42,62.89,2019
6/11/2019,527,10:35,18.33,WdCr,669,16.8,8.29,0.33,5.87,8.38,68.1,2019
6/19/2019,535,10:00,22.78,WdCr,703,19.2,8.16,0.34,3.94,7.98,70.7,2019
6/26/2019,542,9:33,22.33,WdCr,614,18.3,8.35,0.3,9.09,8.57,61.5,2019
7/1/2019,547,9:52,21.67,WdCr,612,18.6,8.08,0.3,8.38,7.9,41.56,2019
7/2/2019,548,9:35,26.11,WdCr,614,20.2,8.83,0.3,,8.38,66.02,2019
7/8/2019,554,9:40,22.22,WdCr,595,20,8.06,0.29,10.2,8.94,40.14,2019
7/9/2019,555,2:04,30,WdCr,618,24.5,8.36,0.3,9.47,8.01,51.61,2019
7/16/2019,562,11:06,26.67,WdCr,592,22,8.42,0.29,3.14,8.33,62.39,2019
7/23/2019,569,10:12,19.44,WdCr,654,19.2,8.02,0.32,,7.91,35.85,2019
7/26/2019,572,14:12,27.78,WdCr,710,22.3,8.54,0.35,,8.52,51.89,2019
7/30/2019,576,10:45,24.44,WdCr,664,21.1,8.33,0.32,2.44,7.73,47.94,2019
7/31/2019,577,10:24,22.22,WdCr,656,20.8,8.37,0.32,27.15,7.34,51.24,2019
8/5/2019,582,9:50,23.33,WdCr,710,20.8,8.32,0.35,2.08,7.15,50.37,2019
8/6/2019,583,10:29,25,WdCr,708,21.7,8.45,0.35,1.91,7.71,57.55,2019
8/20/2019,597,10:54,24.44,WdCr,760,22.7,8.17,0.37,9.46,5.76,,2019
8/21/2019,598,10:30,25,WdCr,745,23,8.13,0.36,2.44,4.76,,2019
8/28/2019,605,13:03,25,WdCr,639,22.1,8.38,0.31,6.44,5.6,,2019
6/5/2020,887,12:46,23.89,WdCr,680,18.9,7.94,0.33,,8.18,78.9,2020
6/10/2020,892,9:37,26.67,WdCr,741,21,8.2,0.36,5.55,7.49,,2020
6/17/2020,899,11:02,21.11,WdCr,786,17.9,8.48,0.39,10.21,8.51,,2020
6/22/2020,904,9:16,21.11,WdCr,808,21.3,8.42,0.4,,7.01,,2020
7/1/2020,913,9:34,23.89,WdCr,725,20.1,8.57,0.35,4.26,7.97,53.13,2020
7/9/2020,921,9:34,25.56,WdCr,778,23,8.6,0.38,13.38,7.22,59.74,2020
8/11/2020,954,9:28,21.11,WdCr,650,22.1,8.18,0.32,16.2,6.99,97.08,2020
9/2/2020,976,14:35,25,WdCr,635,23.1,8.67,0.31,23.3,7.03,86.69,2020
6/12/2021,1259,12:56,26,WdCr,747,21.6,8.31,0.37,2.03,4.87,116.88,2021
9/2/2021,1341,11:53,20.56,WdCr,623,18.1,8.46,0.3,20.3,8.31,57.18,2021
9/6/2021,1345,12:30,23.33,WdCr,647,19.1,8.5,0.32,4.89,8.45,64.98,2021
9/28/2021,1367,15:24,22.2,WdCr,623,18.6,8.47,0.3,9.24,8.06,50.79,2021
6/6/2018,157,11:13,15,WeCr03,504,17.1,8.82,0.2,,,,2018
6/28/2018,179,16:05,27.78,WeCr03,408,21.39,8.29,0.2,143.5,,,2018
7/3/2018,184,14:02,31.67,WeCr03,489,27.61,8.54,0.23,10.34,,,2018
7/9/2018,190,13:28,26.67,WeCr03,492,24.33,8.6,0.24,15.85,,,2018
7/11/2018,192,13:34,27.22,WeCr03,478.3,25.7,8.57,0.23,,10.67,,2018
7/17/2018,198,10:30,25.56,WeCr03,509,25.3,8.16,0.24,,6.53,,2018
7/24/2018,205,9:27,26.11,WeCr03,527,23.06,8.18,0.25,,,,2018
8/7/2018,219,9:21,23.89,WeCr03,478.6,24.2,8.36,0.23,,6.38,,2018
9/3/2018,246,15:11,32.22,WeCr03,517,27.9,8.33,0.25,,10.35,,2018
6/3/2019,520,10:30,16.67,WeCr03,446.1,18.8,7.88,0.22,13,7.53,21.51,2019
6/11/2019,527,10:17,18.33,WeCr03,462.5,19.5,7.98,0.22,23.02,7.05,27.39,2019
6/19/2019,535,9:43,22.78,WeCr03,434,21,7.95,0.21,48.33,6.74,34.27,2019
6/26/2019,542,9:14,22.33,WeCr03,396.8,21.6,8.2,0.19,31.88,6.48,34.69,2019
7/1/2019,547,9:32,21.11,WeCr03,418.1,22.9,7.99,0.2,13.6,4.69,24.87,2019
7/2/2019,548,10:15,26.11,WeCr03,440.2,23.6,8.47,0.21,,7.47,38.17,2019
7/8/2019,554,9:19,22.22,WeCr03,327.8,23.2,7.8,0.16,298.75,6.89,15.56,2019
7/9/2019,555,12:27,30,WeCr03,373.3,24,7.78,0.18,95.48,7.37,24.89,2019
7/16/2019,562,10:24,25,WeCr03,393.1,24.5,7.74,0.19,36.35,7.32,26.98,2019
7/25/2019,571,11:54,23.89,WeCr03,449.5,21.6,8.1,0.22,,8.07,15.79,2019
7/26/2019,572,13:10,27.78,WeCr03,483.7,23.3,8.48,0.23,,9.26,32.07,2019
7/30/2019,576,10:07,23.89,WeCr03,491.3,24.4,7.81,0.24,30.33,7.02,35.19,2019
7/31/2019,577,9:50,22.22,WeCr03,499.7,23.8,8.07,0.24,13.58,7.01,26.68,2019
8/5/2019,582,9:33,23.33,WeCr03,538,24.3,8.16,0.26,10.19,4.62,31.75,2019
8/6/2019,583,9:54,25,WeCr03,544,23.6,7.82,0.26,6.69,6.06,43.08,2019
8/20/2019,597,9:50,24.44,WeCr03,557,24.8,7.74,0.27,21.48,5.49,,2019
8/21/2019,598,9:11,23.33,WeCr03,566,24.8,7.91,0.27,24.35,3.8,,2019
8/28/2019,605,12:46,24.44,WeCr03,438.5,22.1,8.19,0.21,187,5.4,,2019
9/8/2019,616,12:54,21.67,WeCr03,529,22.5,7.7,0.26,,6.21,,2019
6/5/2020,887,12:29,21.67,WeCr03,458.7,21.2,7.79,0.22,,6.62,50.82,2020
6/10/2020,892,9:04,26.67,WeCr03,524,24,7.05,0.25,12.5,4.73,,2020
6/17/2020,899,10:42,18.89,WeCr03,464.5,20.5,8.09,0.22,22.63,6.92,,2020
6/22/2020,904,8:50,21.11,WeCr03,552,24.2,7.9,0.27,,5.43,,2020
7/1/2020,913,9:04,23.89,WeCr03,439.1,23,7.96,0.21,52.13,5.91,19.46,2020
7/9/2020,921,9:06,25.56,WeCr03,545,26,7.93,0.26,27.78,4.59,35.19,2020
7/29/2020,941,10:04,25.56,WeCr03,487.5,23.6,7.7,0.23,13.75,4.61,57.63,2020
8/3/2020,946,8:46,21.11,WeCr03,558,22.2,7.85,0.27,13.65,5.53,63.09,2020
8/11/2020,954,9:05,21.11,WeCr03,615,23.9,7.8,0.3,16.28,3.79,76.65,2020
8/19/2020,962,13:23,25,WeCr03,637,24,7.94,0.31,18.65,6.27,75.42,2020
8/26/2020,969,14:31,26.67,WeCr03,545,25.8,8.36,0.26,26.98,7.3,89.26,2020
9/2/2020,976,14:17,25,WeCr03,480.2,23.3,7.99,0.23,196.75,5.59,50.98,2020
9/9/2020,983,12:50,28.33,WeCr03,530,25,7.41,0.25,48.6,6.31,45.78,2020
9/16/2020,990,14:24,23.33,WeCr03,582,20.3,8,0.29,6.93,6.42,60.44,2020
9/23/2020,997,12:34,21.67,WeCr03,640,17.8,7.19,0.31,4.4,6.67,72.59,2020
9/30/2020,1004,12:21,15.56,WeCr03,646,16.9,7.9,0.32,11.06,7.36,65.38,2020
6/5/2021,1252,11:00,25.6,WeCr03,559,21.7,7.56,0.27,2.44,6.98,50.16,2021
6/12/2021,1259,11:00,21,WeCr03,486.3,22.9,8.08,0.23,30.68,6.47,45.56,2021
6/19/2021,1266,15:30,22.2,WeCr03,486.6,23.4,7.66,0.23,8.68,8.21,31.52,2021
6/24/2021,1271,13:22,24,WeCr03,220,18.7,8.04,0.1,150,8.45,10.67,2021
6/29/2021,1276,13:40,31,WeCr03,515,28.1,8.35,0.25,6.75,2.92,31.79,2021
7/11/2021,1288,10:24,23,WeCr03,402.2,22.6,8.03,,30.25,6.01,37.08,2021
7/22/2021,1299,10:32,28.9,WeCr03,523.8,21.9,8.11,,13.6,7.59,41.25,2021
7/29/2021,1306,10:13,23.89,WeCr03,546,24,7.84,,9.09,6.05,41.04,2021
8/22/2021,1330,10:26,26.7,WeCr03,465,23,8.15,,16.3,6.01,26.29,2021
9/2/2021,1341,11:37,20.56,WeCr03,291.6,19.3,7.9,0.14,140,7.82,11.76,2021
9/6/2021,1345,12:14,23.33,WeCr03,471.3,20.3,8.18,0.23,20.1,6.75,30.74,2021
9/11/2021,1350,12:00,20,WeCr03,486,19.1,8.37,0.23,4.83,8,31.57,2021
9/25/2021,1364,11:15,17.2,WeCr03,558.3,16,8.39,0.27,6,8.82,39.32,2021
9/28/2021,1367,15:02,22.2,WeCr03,525.1,18.9,7.91,0.25,101.6,5.91,31.69,2021
6/28/2018,179,16:36,28.33,WeCr07,475,22.61,8.53,0.23,41.88,,,2018
7/3/2018,184,15:26,32.22,WeCr07,518,28.28,8.47,0.25,25.75,,,2018
7/9/2018,190,14:15,27.22,WeCr07,533,24.67,8.57,0.26,6.19,,,2018
7/11/2018,192,14:30,27.78,WeCr07,496,25.2,8.55,0.24,,10.78,,2018
7/17/2018,198,11:56,26.11,WeCr07,544,24.3,8.36,0.26,,8.92,,2018
7/24/2018,205,10:22,26.67,WeCr07,568,21.83,8.35,0.27,,,,2018
8/7/2018,219,9:44,23.89,WeCr07,547,23.1,8.39,0.26,,7.41,,2018
9/3/2018,246,14:37,31.67,WeCr07,600,28,8.41,0.29,,12.46,,2018
6/3/2019,520,11:29,16.67,WeCr07,493.6,17.2,8.43,0.24,9.4,10.23,42.4,2019
6/11/2019,527,11:38,20.56,WeCr07,468.3,19.1,8.53,0.23,25,8.74,40.13,2019
6/19/2019,535,11:00,23.89,WeCr07,461.7,19.9,8.45,0.22,27.7,8.48,47.48,2019
6/26/2019,542,10:29,25.56,WeCr07,441.6,20.2,8.59,0.21,15.72,8.7,46.95,2019
7/1/2019,547,10:35,23.33,WeCr07,477.6,20.4,8.4,0.23,5.16,9.32,40.16,2019
7/2/2019,548,12:23,31.11,WeCr07,465.5,24,8.24,0.22,,10.34,43,2019
7/8/2019,554,10:21,23.89,WeCr07,378.1,22.4,8.29,0.18,100.5,8.12,30.7,2019
7/9/2019,555,2:59,30,WeCr07,427,27.5,8.6,0.2,22.9,8.11,34.3,2019
7/16/2019,562,11:32,26.67,WeCr07,478.1,23.9,8.57,0.23,10.5,10.3,42.06,2019
7/23/2019,569,10:37,19.44,WeCr07,396.2,20.7,8.3,0.19,,7.75,23.35,2019
7/31/2019,577,11:21,23.89,WeCr07,525.7,22.3,8.67,0.25,4.48,6.08,44.22,2019
8/5/2019,582,10:23,25.56,WeCr07,573,21.5,8.63,0.28,4.48,6.62,55.2,2019
8/21/2019,598,11:02,25,WeCr07,619,23.8,8.14,0.3,5.21,7.35,,2019
8/28/2019,605,13:32,25,WeCr07,434.2,22.1,8.47,0.21,355,6.22,,2019
9/8/2019,616,13:35,22.78,WeCr07,594,21.3,8.31,0.29,,7.83,,2019
6/5/2020,887,13:13,23.89,WeCr07,434.2,20.1,8.28,0.21,,7.44,58.14,2020
6/10/2020,892,10:23,26.67,WeCr07,508.8,22.1,8.29,0.25,7.26,8.48,,2020
6/17/2020,899,11:15,21.11,WeCr07,454.4,18.3,8.48,0.22,8.07,8.5,,2020
6/22/2020,904,9:54,23.33,WeCr07,561,21.7,8.42,0.27,,7.88,,2020
7/1/2020,913,10:09,26.67,WeCr07,496.7,21,8.5,0.24,14.45,7.67,28.47,2020
7/9/2020,921,10:17,28.33,WeCr07,587,23.6,8.63,0.28,6.07,6.99,35.96,2020
8/3/2020,946,9:20,21.11,WeCr07,552,20.6,8.24,0.27,16,7.4,60.64,2020
8/11/2020,954,9:45,21.11,WeCr07,571,22.4,8.12,0.28,24.75,6.28,78.31,2020
8/19/2020,962,13:46,25,WeCr07,560,27.1,8.63,0.27,5.79,8,81.74,2020
8/26/2020,969,14:53,29.44,WeCr07,598,25.5,8.66,0.29,13.15,9.09,88.57,2020
9/2/2020,976,14:48,25,WeCr07,474.8,22.6,8.28,0.23,78.9,7.62,47.91,2020
9/9/2020,983,13:17,28.33,WeCr07,607,23.4,7.88,0.29,30.4,5.02,62.3,2020
9/16/2020,990,14:53,23.33,WeCr07,656,19.5,9.08,0.32,2.93,8.19,62.59,2020
9/23/2020,997,12:57,21.67,WeCr07,705,14.4,8.22,0.35,1.42,9.52,80.85,2020
9/30/2020,1004,12:40,15.56,WeCr07,665,15.8,8.27,0.33,2.44,8.57,66.65,2020
6/3/2019,520,11:40,16.67,WeCr09,383.9,19.1,8.44,0.18,13.5,8.04,25.47,2019
6/11/2019,527,11:48,20.56,WeCr09,432.3,20.8,8.57,0.21,7.32,6.92,25.75,2019
6/19/2019,535,11:10,23.89,WeCr09,389.7,21.7,8.5,0.19,85.78,5.91,35.24,2019
6/26/2019,542,10:38,25.56,WeCr09,373.1,22.1,8.62,0.18,33.35,6.23,34.4,2019
7/1/2019,547,10:46,23.89,WeCr09,401.1,22.2,8.4,0.19,11.18,5.89,25.34,2019
7/3/2019,549,10:56,25.56,WeCr09,380,24.8,8.54,0.18,,6.71,30.17,2019
7/8/2019,554,10:31,23.89,WeCr09,314.7,23.3,8.28,0.15,228.75,6.33,21.65,2019
7/10/2019,556,1:46,30.56,WeCr09,406,28.1,8.41,0.19,44.63,9.14,23.71,2019
7/17/2019,563,11:00,25.56,WeCr09,380.4,24.1,8.26,0.18,138.5,6.5,17.43,2019
7/31/2019,577,11:42,25,WeCr09,431,24.9,8.55,0.21,46.45,6.07,23.72,2019
8/5/2019,582,10:50,25.56,WeCr09,431.2,25.1,8.53,0.21,4.55,6.08,23.67,2019
8/21/2019,598,11:49,25,WeCr09,476.4,26.2,8.01,0.23,4.87,4.94,,2019
8/28/2019,605,13:42,25,WeCr09,250.7,23.6,8.41,0.12,158,4.43,,2019
6/5/2020,887,13:23,23.89,WeCr09,417.5,22.5,8.19,0.2,,5.86,39.7,2020
6/10/2020,892,10:39,27.2,WeCr09,462.9,24.9,8.12,0.22,12.78,4.22,,2020
6/17/2020,899,11:23,21.11,WeCr09,496.2,20.5,8.27,0.24,10,6.86,,2020
6/22/2020,904,10:08,23.33,WeCr09,509,25,8.08,0.24,,4.18,,2020
7/1/2020,913,10:22,26.67,WeCr09,397.1,23.5,8.14,0.19,41.08,5.31,13.85,2020
7/9/2020,921,10:34,28.33,WeCr09,500,26.4,8.27,0.24,25.33,4.53,22.68,2020
7/29/2020,941,10:50,25.56,WeCr09,429.7,24.6,8.22,0.21,14.5,8.33,39.54,2020
8/3/2020,946,9:33,21.11,WeCr09,558,22.6,8.28,0.27,11.08,5.31,53.25,2020
8/11/2020,954,9:57,21.11,WeCr09,505,24.8,7.99,0.24,15.98,3.57,63.55,2020
8/19/2020,962,13:55,25,WeCr09,358.1,25.2,8.9,0.17,12.85,8.18,46.32,2020
8/26/2020,969,15:02,29.44,WeCr09,519,26.5,8.86,0.25,16.5,8.99,69.97,2020
9/2/2020,976,14:57,25,WeCr09,510,24.2,7.75,0.25,85.4,4.51,50.09,2020
9/9/2020,983,13:26,28.33,WeCr09,326,24.9,8.06,0.15,57.4,5.93,31.1,2020
9/16/2020,990,15:06,23.33,WeCr09,498.8,20.9,8.78,0.24,12.63,5.95,38.15,2020
9/23/2020,997,13:07,21.67,WeCr09,529.4,16.6,8.16,0.26,11.23,6.56,47.46,2020
9/30/2020,1004,12:58,15.56,WeCr09,540.2,17.4,8.16,0.26,7.54,6.63,54.48,2020
6/5/2021,1252,14:30,29,WeCr09,548,25,8.23,0.26,3.89,7.57,29.15,2021
6/12/2021,1259,13:50,26,WeCr09,456.5,25.5,8.2,0.22,24,3.87,37.61,2021
6/19/2021,1266,16:42,23,WeCr09,419.2,23.8,8.25,0.2,5.79,7.62,23.27,2021
6/26/2021,1273,12:27,28,WeCr09,426.9,23.2,8.09,0.2,15.55,4.2,19.34,2021
7/2/2021,1279,12:05,21,WeCr09,402.3,21.6,8.15,,63.3,7.43,213,2021
7/11/2021,1288,12:00,28,WeCr09,544,23.7,8.23,,9.05,6.09,26.37,2021
7/15/2021,1292,11:39,26,WeCr09,513,25.1,8.19,,16.5,6.07,26.38,2021
7/22/2021,1299,12:27,28.9,WeCr09,482.3,23.1,8.12,,17.3,6.51,26.28,2021
7/29/2021,1306,10:45,24.44,WeCr09,455.9,23.9,8.11,,7.15,4.93,24.44,2021
8/22/2021,1330,11:34,27.8,WeCr09,417.2,23.5,8.21,,20,6.33,19.04,2021
9/2/2021,1341,12:08,21.67,WeCr09,286.2,20.3,7.93,0.14,73.8,5.78,12.54,2021
9/6/2021,1345,12:46,23.33,WeCr09,434.1,20.7,8.39,0.21,10.3,8.14,20.65,2021
9/11/2021,1350,13:28,20,WeCr09,440.3,20.3,8.52,0.21,4.06,9.23,21.07,2021
9/25/2021,1364,12:31,17.2,WeCr09,532.7,16.8,7.95,0.26,59.3,7.87,32.14,2021
9/29/2021,1368,9:47,14.4,WeCr09,526,16.9,8.18,0.26,74.75,6.49,25.24,2021
6/21/2019,537,12:30,22.78,WeCr11,304.3,18.8,8.34,0.15,,8.55,26.51,2019
6/27/2019,543,11:42,27.22,WeCr11,485.1,22.3,8.6,0.23,,8.98,66.72,2019
7/2/2019,548,12:48,31.11,WeCr11,479.4,24.2,8.45,0.23,,10.59,55.54,2019
7/8/2019,554,11:43,24.44,WeCr11,388.1,22.6,8.33,0.19,67.73,8.49,33.26,2019
7/12/2019,558,11:56,24.44,WeCr11,357.6,21.9,8.59,0.17,105.3,9.15,30.42,2019
7/17/2019,563,11:15,25.56,WeCr11,484.2,22.9,8.27,0.23,17.85,7.54,37.01,2019
7/31/2019,577,12:46,25,WeCr11,509.4,23.6,8.73,0.25,4.75,11.5,36.48,2019
8/5/2019,582,11:31,25.56,WeCr11,563,22.7,8.61,0.27,4.65,4.6,51.97,2019
8/21/2019,598,11:11,25,WeCr11,622,23.9,8.13,0.3,4.78,5.99,,2019
8/28/2019,605,13:53,25,WeCr11,443.7,22.1,8.47,0.21,223.25,4.01,,2019
6/5/2020,887,13:33,23.89,WeCr11,436,20.2,8.35,0.21,,8.14,62.46,2020
6/10/2020,892,11:08,27.2,WeCr11,510,22.4,8.31,0.25,9.08,7.1,,2020
6/17/2020,899,11:34,21.11,WeCr11,539,18.5,8.41,0.26,24.93,9.3,,2020
6/22/2020,904,10:22,23.33,WeCr11,557,21.9,8.45,0.27,,7.97,,2020
7/1/2020,913,10:38,26.67,WeCr11,507.5,21.3,8.49,0.25,13.13,7.18,26.99,2020
7/9/2020,921,10:53,28.33,WeCr11,587,23.9,8.6,0.28,25.48,6.5,34.8,2020
7/29/2020,941,11:12,25.56,WeCr11,509.7,22.7,8.29,0.25,6.71,6.48,52.12,2020
8/3/2020,946,9:49,23.89,WeCr11,553,20.7,8.25,0.27,10.7,6.93,65.01,2020
8/11/2020,954,10:11,22.22,WeCr11,648,22.4,8.13,0.31,11.78,5.6,73.03,2020
8/19/2020,962,14:06,25,WeCr11,701,24.6,8.6,0.34,7.85,7.37,72.41,2020
9/2/2020,976,15:09,25,WeCr11,477.5,22.8,8.23,0.23,181,6.69,48.12,2020
9/16/2020,990,15:22,23.33,WeCr11,641,20.5,9.21,0.31,15.2,7.95,58.33,2020
9/23/2020,997,13:18,21.67,WeCr11,696,16.3,8.25,0.34,11.38,9.26,72.69,2020
9/30/2020,1004,13:09,15.56,WeCr11,655,16.7,8.28,0.32,2.97,8.66,62.33,2020
6/5/2021,1252,15:00,31,WeCr11,659,24.4,8.3,0.27,2.01,8.79,79.14,2021
6/12/2021,1259,14:12,26,WeCr11,542,24.8,8.38,0.26,7.12,3.83,73.29,2021
6/19/2021,1266,17:25,22.5,WeCr11,602,22.7,8.39,0.29,2.6,9.08,65.37,2021
6/26/2021,1273,12:41,28,WeCr11,638,23.4,8.4,0.31,4.69,4.09,74.73,2021
7/2/2021,1279,12:55,21,WeCr11,475,19.1,8.06,,42.73,8.75,36.34,2021
7/11/2021,1288,12:14,27,WeCr11,594,23.3,8.45,,8.09,10.2,50.05,2021
7/15/2021,1292,11:53,26,WeCr11,497.7,22.6,8.26,,11.63,8.69,37.45,2021
7/22/2021,1299,12:44,28.9,WeCr11,547,21,8.4,,4.43,10.23,44.71,2021
7/29/2021,1306,10:55,24.44,WeCr11,594,21.6,8.29,,3.1,8.77,50.31,2021
8/22/2021,1330,11:50,27.8,WeCr11,542,22.7,8.34,,28.73,9.03,35.38,2021
9/2/2021,1341,12:20,21.67,WeCr11,375.8,19,8.2,0.18,31.9,8.38,28.41,2021
9/6/2021,1345,12:57,23.89,WeCr11,505.3,20.1,8.45,0.24,20.6,8.63,43.88,2021
9/11/2021,1350,13:42,20,WeCr11,515.6,19,8.56,0.25,1.88,10.94,50.6,2021
9/25/2021,1364,12:45,17.2,WeCr11,577.9,16.2,8.64,0.28,3.03,11.34,60.46,2021
9/29/2021,1368,10:08,14.4,WeCr11,529.3,15.6,8.35,0.26,11.78,9.04,38.32,2021
6/21/2019,537,9:55,18.89,WrCr,277.6,16.2,8.03,0.13,,9.14,2,2019
6/28/2019,544,10:16,25.56,WrCr,384,18,8.37,0.18,,8.63,5.44,2019
7/4/2019,550,11:01,25.56,WrCr,397.1,20,8.58,0.19,,7.72,6.07,2019
7/12/2019,558,9:17,20.56,WrCr,326.4,18.6,8.64,0.16,65.85,9.24,3.61,2019
7/29/2019,575,9:00,23.89,WrCr,447.5,18.8,8.45,0.21,54.95,7.75,5.06,2019
8/7/2019,584,9:11,20,WrCr,407.3,19.2,8.48,0.2,58.6,7.2,2.3,2019
8/30/2019,607,13:49,27.78,WrCr,447.1,18.6,8.25,0.22,,6.46,,2020
9/18/2019,626,11:20,21.11,WrCr,486.8,16,8.13,0.24,17.33,7.25,,2020
6/5/2020,887,10:16,20.56,WrCr,414.4,16.9,8.23,0.2,,6.84,9.36,2020
6/9/2020,891,10:20,23.56,WrCr,433.1,15.2,8.12,0.21,,8.85,,2020
6/17/2020,899,8:27,16.67,WrCr,444.7,14.4,8.25,0.22,58.9,9.56,,2020
6/23/2020,905,8:26,21.11,WrCr,438.4,17.9,8.25,0.21,,7.77,,2020
6/29/2020,911,8:59,20.56,WrCr,433.7,17.8,8.29,0.21,45.83,7.96,2.82,2020
7/8/2020,920,8:30,21.67,WrCr,420.7,18.9,8.22,0.21,,7.89,3.07,2020
8/4/2020,947,9:29,21.11,WrCr,470.1,18.7,8.2,0.23,36.33,6.57,8.89,2020
8/12/2020,955,9:18,23.89,WrCr,484.8,19.1,8.22,0.23,22.08,6.06,7.76,2020
8/19/2020,962,11:41,23.59,WrCr,476.7,17.3,8.25,0.23,19.85,6.12,11.6,2020
8/26/2020,969,12:08,23.89,WrCr,475.7,18.5,8.16,0.23,25.2,6.58,10.31,2020
9/2/2020,976,11:52,24.44,WrCr,390.7,20.4,8.03,0.19,50.5,6.97,5.44,2020
9/9/2020,983,14:52,29.44,WrCr,453.1,19.6,8.22,0.22,58.2,6.16,4.99,2020
9/16/2020,990,16:21,24.44,WrCr,481.2,16,8.92,0.23,28.1,6.74,7.94,2020
9/23/2020,997,14:54,23.89,WrCr,465.5,12.9,8.07,0.23,11.25,7.7,7.11,2020
9/30/2020,1004,14:40,16.67,WrCr,445.3,14.1,8.08,0.22,15.98,6.55,5.63,2020
6/11/2021,1258,11:20,22,WrCr,454.3,18.7,7.91,0.22,44.33,6.46,10.55,2021
6/17/2021,1264,11:13,19,WrCr,454.8,13.7,7.99,0.22,30.53,7.26,22.66,2021
6/24/2021,1271,11:21,22,WrCr,452.7,15.1,7.96,0.22,28.38,8.07,6.61,2021
6/29/2021,1276,11:38,30,WrCr,470.5,20.4,7.99,0.23,172,5.2,8.61,2021
7/6/2021,1283,11:22,29,WrCr,450.2,19.8,8.04,,23.58,6.83,4.06,2021
7/13/2021,1290,11:35,26,WrCr,320.5,19.5,8.03,,81.95,8.22,2.25,2021
7/21/2021,1298,17:35,23.8,WrCr,457.9,21.6,8,,15.6,5.79,4.85,2021
7/29/2021,1306,12:09,24.44,WrCr,449.5,19.4,8.23,,52.1,7.95,5.43,2021
8/18/2021,1326,11:16,23.9,WrCr,220.1,19.9,7.93,,481.5,8.49,1.88,2021
9/2/2021,1341,14:08,22.78,WrCr,322.6,17.7,8.24,0.15,26.9,7.97,5.36,2021
9/6/2021,1345,14:32,25,WrCr,410.3,18.1,8.23,0.2,15.5,8.25,6.7,2021
9/12/2021,1351,12:30,23.8,WrCr,436.1,17.7,8.1,0.21,11.01,7.35,6.02,2021
9/21/2021,1360,13:18,24.4,WrCr,483.9,19.5,8.11,0.23,8.76,6.4,7.45,2021